Set	Azimutal	Elevation	Time	Error_Time	Concentration	Error_Concentration	Shift	Error_Shift	Squeeze	Error_Squeeze
1	0	0	0 days 08:00:08	0 days 00:00:01	1.79933e-25	2.98835e-24	-0.001	5.45812	-0.001	5.45812
1	0	30	0 days 08:01:14	0 days 00:00:01	-1.6541600000000002e-24	1.6419400000000001e-24	-0.001	0.115219	-0.001	0.115219
1	0	75	0 days 08:02:20	0 days 00:00:01	-8.88434e-25	9.86393e-25	-0.001	0.0483489	-0.001	0.0483489
1	30	0	0 days 08:00:14	0 days 00:00:01	-1.84691e-24	1.73407e-24	-0.001	0.0833591	-0.001	0.0833591
1	30	15	0 days 08:01:08	0 days 00:00:01	4.14692e-25	1.6708500000000003e-24	-0.001	0.353459	-0.001	0.353459
1	30	30	0 days 08:01:20	0 days 00:00:01	2.25861e-25	1.8946900000000003e-24	-0.001	0.936212	-0.001	0.936212
1	30	60	0 days 08:02:14	0 days 00:00:01	-1.3851e-24	1.82124e-24	-0.001	0.139593	-0.001	0.139593
1	30	75	0 days 08:02:26	0 days 00:00:01	-3.9387899999999997e-25	1.6509600000000002e-24	-0.001	0.136935	-0.001	0.136935
1	30	90	0 days 08:03:20	0 days 00:00:01	-1.2479400000000002e-24	1.0920100000000001e-24	-0.001	0.0488255	-0.001	0.0488255
1	60	0	0 days 08:00:20	0 days 00:00:01	-9.20622e-25	1.4685500000000002e-24	-0.001	0.0664165	-0.001	0.0664165
1	60	15	0 days 08:01:02	0 days 00:00:01	-1.2897600000000001e-24	2.0483000000000004e-24	-0.001	0.117334	-0.001	0.117334
1	60	30	0 days 08:01:26	0 days 00:00:01	-3.86379e-25	1.5222100000000002e-24	-0.001	0.434378	-0.001	0.434378
1	60	60	0 days 08:02:08	0 days 00:00:01	-1.2805300000000001e-24	1.35699e-24	-0.001	0.0870538	-0.001	0.0870538
1	60	75	0 days 08:02:32	0 days 00:00:01	-1.1867100000000002e-24	1.4045500000000002e-24	-0.001	0.0740144	-0.001	0.0740144
1	60	90	0 days 08:03:14	0 days 00:00:01	-6.78855e-25	1.9539600000000002e-24	-0.001	0.0827687	-0.001	0.0827687
1	90	0	0 days 08:00:26	0 days 00:00:01	-1.0675700000000001e-24	1.83505e-24	-0.001	0.113271	-0.001	0.113271
1	90	15	0 days 08:00:56	0 days 00:00:01	-7.70813e-25	1.3232600000000001e-24	-0.001	0.10745	-0.001	0.10745
1	90	30	0 days 08:01:32	0 days 00:00:01	-1.0767000000000002e-24	1.4021600000000001e-24	-0.001	0.0978795	-0.001	0.0978795
1	90	60	0 days 08:02:02	0 days 00:00:01	-1.2810400000000002e-24	1.1847200000000001e-24	-0.001	0.0510218	-0.001	0.0510218
1	90	75	0 days 08:02:38	0 days 00:00:01	-2.8711700000000003e-24	2.08977e-24	-0.001	0.344433	-0.001	0.344433
1	90	90	0 days 08:03:08	0 days 00:00:01	-2.07832e-24	1.1635800000000001e-24	-0.001	0.0934103	-0.001	0.0934103
1	120	0	0 days 08:00:32	0 days 00:00:01	-4.69576e-25	2.45357e-24	-0.001	0.101706	-0.001	0.101706
1	120	15	0 days 08:00:50	0 days 00:00:01	-6.660280000000001e-26	1.4044200000000001e-24	-0.001	0.234121	-0.001	0.234121
1	120	30	0 days 08:01:38	0 days 00:00:01	-1.65243e-24	1.1000100000000001e-24	-0.001	0.593849	-0.001	0.593849
1	120	60	0 days 08:01:56	0 days 00:00:01	-1.8984700000000002e-24	1.3564700000000001e-24	-0.001	0.0740771	-0.001	0.0740771
1	120	75	0 days 08:02:44	0 days 00:00:01	-1.5244000000000001e-24	1.1728100000000001e-24	-0.001	0.113049	-0.001	0.113049
1	120	90	0 days 08:03:02	0 days 00:00:01	-1.40626e-24	1.2537700000000001e-24	-0.001	0.0493962	-0.001	0.0493962
1	150	0	0 days 08:00:38	0 days 00:00:01	-9.03636e-25	1.5156500000000002e-24	-0.001	0.145802	-0.001	0.145802
1	150	15	0 days 08:00:44	0 days 00:00:01	-4.51737e-25	1.8788100000000003e-24	-0.001	0.0980664	-0.001	0.0980664
1	150	30	0 days 08:01:44	0 days 00:00:01	-1.75532e-24	1.28922e-24	-0.001	0.272001	-0.001	0.272001
1	150	60	0 days 08:01:50	0 days 00:00:01	-1.6356600000000001e-24	1.63761e-24	-0.000837878	0.315817	-0.000837878	0.315817
1	150	75	0 days 08:02:50	0 days 00:00:01	-2.68409e-24	2.33426e-24	-0.00251501	0.361937	-0.00251501	0.361937
1	150	90	0 days 08:02:56	0 days 00:00:01	-1.24527e-24	1.27831e-24	-0.001	0.0700068	-0.001	0.0700068
2	0	0	0 days 08:06:23	0 days 00:00:01	-4.0807e-25	2.65033e-24	-0.001	0.202073	-0.001	0.202073
2	0	30	0 days 08:07:29	0 days 00:00:01	-1.6454600000000001e-24	2.4645500000000003e-24	-0.001	0.188235	-0.001	0.188235
2	0	75	0 days 08:08:35	0 days 00:00:01	3.1216e-26	2.03532e-24	-0.001	0.8593	-0.001	0.8593
2	30	0	0 days 08:06:29	0 days 00:00:01	-1.2521400000000001e-24	1.89796e-24	-0.001	0.122346	-0.001	0.122346
2	30	15	0 days 08:07:23	0 days 00:00:01	1.02647e-25	1.87814e-24	-0.001	0.0869281	-0.001	0.0869281
2	30	30	0 days 08:07:35	0 days 00:00:01	-9.35229e-25	2.24574e-24	-0.001	0.165472	-0.001	0.165472
2	30	60	0 days 08:08:29	0 days 00:00:01	5.453399999999999e-25	2.24106e-24	-0.001	1.90158	-0.001	1.90158
2	30	75	0 days 08:08:41	0 days 00:00:01	-1.5146700000000002e-24	2.5007e-24	-0.001	0.354867	-0.001	0.354867
2	30	90	0 days 08:09:35	0 days 00:00:01	-3.5782e-25	1.1729200000000001e-24	-0.001	0.172189	-0.001	0.172189
2	60	0	0 days 08:06:35	0 days 00:00:01	-1.1434200000000001e-24	2.4271500000000002e-24	-0.001	0.253043	-0.001	0.253043
2	60	15	0 days 08:07:17	0 days 00:00:01	-1.71251e-24	2.99758e-24	-0.001	6.68313	-0.001	6.68313
2	60	30	0 days 08:07:41	0 days 00:00:01	-1.58152e-25	2.08829e-24	-0.001	0.134828	-0.001	0.134828
2	60	60	0 days 08:08:23	0 days 00:00:01	1.3970799999999999e-27	1.92844e-24	-0.001	0.298079	-0.001	0.298079
2	60	75	0 days 08:08:47	0 days 00:00:01	-1.722e-25	2.0405000000000002e-24	-0.001	0.185464	-0.001	0.185464
2	60	90	0 days 08:09:29	0 days 00:00:01	-2.43788e-24	3.36332e-24	-0.001	8.75908	-0.001	8.75908
2	90	0	0 days 08:06:41	0 days 00:00:01	5.89139e-25	1.7867900000000003e-24	-0.001	0.0778821	-0.001	0.0778821
2	90	15	0 days 08:07:11	0 days 00:00:01	-9.59383e-25	1.9723100000000003e-24	-0.001	0.243351	-0.001	0.243351
2	90	30	0 days 08:07:47	0 days 00:00:01	-1.58493e-25	2.3072e-24	-0.001	1.071	-0.001	1.071
2	90	60	0 days 08:08:17	0 days 00:00:01	-1.73079e-24	2.7995900000000004e-24	-0.001	0.63164	-0.001	0.63164
2	90	75	0 days 08:08:53	0 days 00:00:01	-4.33691e-25	2.1025e-24	-0.001	0.186707	-0.001	0.186707
2	90	90	0 days 08:09:23	0 days 00:00:01	-2.60635e-24	2.78864e-24	-0.001	0.479483	-0.001	0.479483
2	120	0	0 days 08:06:47	0 days 00:00:01	-6.76247e-25	1.5537500000000001e-24	-0.001	0.0870615	-0.001	0.0870615
2	120	15	0 days 08:07:05	0 days 00:00:01	-7.40511e-25	2.7529900000000004e-24	-0.001	0.211929	-0.001	0.211929
2	120	30	0 days 08:07:53	0 days 00:00:01	-1.2354300000000002e-24	2.37752e-24	-0.001	0.281519	-0.001	0.281519
2	120	60	0 days 08:08:11	0 days 00:00:01	-1.9408200000000003e-24	2.6262400000000002e-24	-0.001	0.188133	-0.001	0.188133
2	120	75	0 days 08:08:59	0 days 00:00:01	-1.0727600000000002e-24	1.56573e-24	-0.001	0.0931894	-0.001	0.0931894
2	120	90	0 days 08:09:17	0 days 00:00:01	-8.95344e-25	2.53067e-24	-0.001	1.27553	-0.001	1.27553
2	150	0	0 days 08:06:53	0 days 00:00:01	-1.2901300000000001e-24	2.7530500000000003e-24	-0.001	0.257702	-0.001	0.257702
2	150	15	0 days 08:06:59	0 days 00:00:01	-1.4599100000000001e-24	2.3082300000000003e-24	-0.001	0.176906	-0.001	0.176906
2	150	30	0 days 08:07:59	0 days 00:00:01	-1.8958900000000003e-24	2.32197e-24	-0.001	0.143086	-0.001	0.143086
2	150	60	0 days 08:08:05	0 days 00:00:01	-1.08035e-24	1.88803e-24	-0.001	0.228229	-0.001	0.228229
2	150	75	0 days 08:09:05	0 days 00:00:01	-5.64899e-25	1.3948400000000002e-24	-0.001	2.11445	-0.001	2.11445
2	150	90	0 days 08:09:11	0 days 00:00:01	-2.25873e-24	2.7021e-24	-0.001	0.501044	-0.001	0.501044
3	0	0	0 days 08:15:47	0 days 00:00:01	-2.4692600000000003e-24	2.2532700000000003e-24	-0.001	0.0950859	-0.001	0.0950859
3	0	30	0 days 08:16:53	0 days 00:00:01	-9.93796e-26	1.32701e-24	-0.001	0.669626	-0.001	0.669626
3	0	75	0 days 08:17:59	0 days 00:00:01	-1.32883e-24	1.95377e-24	-0.001	0.129967	-0.001	0.129967
3	30	0	0 days 08:15:53	0 days 00:00:01	5.99903e-25	1.0303200000000002e-24	-0.001	0.121393	-0.001	0.121393
3	30	15	0 days 08:16:47	0 days 00:00:01	-9.45078e-25	2.7118400000000003e-24	-0.001	1.16179	-0.001	1.16179
3	30	30	0 days 08:16:59	0 days 00:00:01	-1.2696200000000001e-24	1.4722700000000002e-24	-0.001	0.750651	-0.001	0.750651
3	30	60	0 days 08:17:53	0 days 00:00:01	-2.81724e-25	1.4876000000000002e-24	-0.001	0.0749911	-0.001	0.0749911
3	30	75	0 days 08:18:05	0 days 00:00:01	-3.1990600000000003e-24	2.54905e-24	-0.001	0.421796	-0.001	0.421796
3	30	90	0 days 08:18:59	0 days 00:00:01	-2.3411600000000002e-24	2.2363400000000003e-24	-0.001	0.150662	-0.001	0.150662
3	60	0	0 days 08:15:59	0 days 00:00:01	-1.6399200000000001e-24	2.09632e-24	-0.001	0.305133	-0.001	0.305133
3	60	15	0 days 08:16:41	0 days 00:00:01	-8.881099999999999e-25	1.4079300000000001e-24	-0.001	0.273334	-0.001	0.273334
3	60	30	0 days 08:17:05	0 days 00:00:01	-6.27391e-25	1.5555700000000002e-24	-0.001	0.408598	-0.001	0.408598
3	60	60	0 days 08:17:47	0 days 00:00:01	-1.48691e-24	2.6290800000000003e-24	-0.001	0.118374	-0.001	0.118374
3	60	75	0 days 08:18:11	0 days 00:00:01	-1.8111000000000003e-24	1.37027e-24	-0.001	0.152359	-0.001	0.152359
3	60	90	0 days 08:18:53	0 days 00:00:01	-1.5297000000000002e-24	1.4246100000000001e-24	-0.001	0.0756315	-0.001	0.0756315
3	90	0	0 days 08:16:05	0 days 00:00:01	-3.0615900000000004e-24	2.7835100000000002e-24	-0.001	0.238712	-0.001	0.238712
3	90	15	0 days 08:16:35	0 days 00:00:01	1.44037e-26	1.55088e-24	-0.001	0.265251	-0.001	0.265251
3	90	30	0 days 08:17:11	0 days 00:00:01	-2.3923800000000003e-24	2.5695800000000002e-24	-0.001	5.36611	-0.001	5.36611
3	90	60	0 days 08:17:41	0 days 00:00:01	-1.1383400000000001e-24	1.78859e-24	-0.001	0.0831208	-0.001	0.0831208
3	90	75	0 days 08:18:17	0 days 00:00:01	-1.4397800000000001e-24	1.9718500000000003e-24	-0.001	0.132843	-0.001	0.132843
3	90	90	0 days 08:18:47	0 days 00:00:01	-1.8081400000000002e-24	2.1337600000000003e-24	-0.001	0.114527	-0.001	0.114527
3	120	0	0 days 08:16:11	0 days 00:00:01	-3.40953e-25	1.52709e-24	-0.001	0.128208	-0.001	0.128208
3	120	15	0 days 08:16:29	0 days 00:00:01	0.0	0.0	0.0	0.0	0.0	0.0
3	120	30	0 days 08:17:17	0 days 00:00:01	-1.07875e-24	1.74292e-24	-0.001	1.61166	-0.001	1.61166
3	120	60	0 days 08:17:35	0 days 00:00:01	-2.3058000000000003e-24	1.8352300000000003e-24	-0.001	0.109928	-0.001	0.109928
3	120	75	0 days 08:18:23	0 days 00:00:01	-1.21057e-24	1.4236900000000002e-24	-0.001	0.120525	-0.001	0.120525
3	120	90	0 days 08:18:41	0 days 00:00:01	-1.77483e-24	2.04788e-24	-0.001	0.0937478	-0.001	0.0937478
3	150	0	0 days 08:16:17	0 days 00:00:01	-1.3038000000000002e-24	2.0909200000000003e-24	-0.001	0.153428	-0.001	0.153428
3	150	15	0 days 08:16:23	0 days 00:00:01	-4.89123e-25	1.91096e-24	-0.000989476	1.26337	-0.000989476	1.26337
3	150	30	0 days 08:17:23	0 days 00:00:01	-1.11516e-24	1.4247000000000001e-24	-0.001	0.715249	-0.001	0.715249
3	150	60	0 days 08:17:29	0 days 00:00:01	-1.4074100000000002e-24	1.85361e-24	-0.001	1.58042	-0.001	1.58042
3	150	75	0 days 08:18:29	0 days 00:00:01	-2.27036e-24	2.17416e-24	-0.001	0.323084	-0.001	0.323084
3	150	90	0 days 08:18:35	0 days 00:00:01	-1.68093e-24	1.81463e-24	-0.001	0.134685	-0.001	0.134685
4	0	0	0 days 08:19:29	0 days 00:00:01	-4.54885e-24	3.3246500000000006e-24	-0.001	0.1754	-0.001	0.1754
4	0	30	0 days 08:20:35	0 days 00:00:01	-8.93695e-25	1.2098400000000002e-24	-0.001	0.109735	-0.001	0.109735
4	0	75	0 days 08:21:41	0 days 00:00:01	-4.60133e-25	1.8828700000000003e-24	-0.001	0.04862	-0.001	0.04862
4	30	0	0 days 08:19:35	0 days 00:00:01	-2.88371e-24	2.61952e-24	-0.001	0.483133	-0.001	0.483133
4	30	15	0 days 08:20:29	0 days 00:00:01	-2.4768900000000003e-24	2.45001e-24	-0.001	0.934587	-0.001	0.934587
4	30	30	0 days 08:20:41	0 days 00:00:01	5.63644e-25	2.38107e-24	-0.001	0.145175	-0.001	0.145175
4	30	60	0 days 08:21:35	0 days 00:00:01	4.55385e-25	3.8047000000000005e-24	-0.001	0.0942699	-0.001	0.0942699
4	30	75	0 days 08:21:47	0 days 00:00:01	7.269939999999999e-25	2.5216700000000003e-24	-0.001	0.0777291	-0.001	0.0777291
4	30	90	0 days 08:22:41	0 days 00:00:01	5.99277e-25	1.9967700000000002e-24	-0.001	0.0495881	-0.001	0.0495881
4	60	0	0 days 08:19:41	0 days 00:00:01	-2.105e-24	2.9416500000000003e-24	-0.001	0.437956	-0.001	0.437956
4	60	15	0 days 08:20:23	0 days 00:00:01	2.4799e-25	9.83814e-25	-0.001	0.0721368	-0.001	0.0721368
4	60	30	0 days 08:20:47	0 days 00:00:01	-3.2397e-25	1.45521e-24	-0.001	0.203901	-0.001	0.203901
4	60	60	0 days 08:21:29	0 days 00:00:01	6.73418e-25	1.5629400000000002e-24	0.00297235	0.0348477	0.00297235	0.0348477
4	60	75	0 days 08:21:53	0 days 00:00:01	2.80348e-25	3.597830000000001e-24	-0.001	0.0877806	-0.001	0.0877806
4	60	90	0 days 08:22:35	0 days 00:00:01	5.44392e-25	1.96428e-24	-0.001	0.0532137	-0.001	0.0532137
4	90	0	0 days 08:19:47	0 days 00:00:01	7.61933e-25	1.17842e-24	-0.001	1.05664	-0.001	1.05664
4	90	15	0 days 08:20:17	0 days 00:00:01	-1.33863e-24	2.0019100000000002e-24	-0.001	0.142557	-0.001	0.142557
4	90	30	0 days 08:20:53	0 days 00:00:01	-1.31032e-25	2.6464400000000003e-24	-0.001	0.137236	-0.001	0.137236
4	90	60	0 days 08:21:23	0 days 00:00:01	7.68695e-25	1.8545500000000002e-24	-0.001	0.0478464	-0.001	0.0478464
4	90	75	0 days 08:21:59	0 days 00:00:01	1.2884600000000002e-24	3.23315e-24	-0.001	0.0829144	-0.001	0.0829144
4	90	90	0 days 08:22:29	0 days 00:00:01	-8.1665399999999995e-25	3.9055900000000006e-24	-0.001	0.103738	-0.001	0.103738
4	120	0	0 days 08:19:53	0 days 00:00:01	1.6502300000000002e-26	8.27619e-25	-0.001	0.134869	-0.001	0.134869
4	120	15	0 days 08:20:11	0 days 00:00:01	0.0	0.0	0.0	0.0	0.0	0.0
4	120	30	0 days 08:20:59	0 days 00:00:01	6.49662e-25	1.8002000000000002e-24	-0.001	0.0723998	-0.001	0.0723998
4	120	60	0 days 08:21:17	0 days 00:00:01	-2.3976100000000003e-24	3.1460900000000002e-24	-0.001	0.16428	-0.001	0.16428
4	120	75	0 days 08:22:05	0 days 00:00:01	-8.951e-26	3.18132e-24	-0.001	0.0746046	-0.001	0.0746046
4	120	90	0 days 08:22:23	0 days 00:00:01	-2.96589e-26	4.4324800000000005e-24	-0.001	0.0819664	-0.001	0.0819664
4	150	0	0 days 08:19:59	0 days 00:00:01	-3.2817699999999997e-25	2.05674e-24	-0.001	0.192331	-0.001	0.192331
4	150	15	0 days 08:20:05	0 days 00:00:01	1.2753800000000002e-24	1.73353e-24	-0.001	0.112243	-0.001	0.112243
4	150	30	0 days 08:21:05	0 days 00:00:01	4.12395e-25	2.1109900000000003e-24	-0.001	0.0625025	-0.001	0.0625025
4	150	60	0 days 08:21:11	0 days 00:00:01	-5.11407e-25	1.1818600000000001e-24	-0.001	0.0567727	-0.001	0.0567727
4	150	75	0 days 08:22:11	0 days 00:00:01	6.323129999999999e-25	1.69518e-24	0.0032711	0.0395838	0.0032711	0.0395838
4	150	90	0 days 08:22:17	0 days 00:00:01	2.91248e-25	3.1541700000000004e-24	-0.001	0.0710937	-0.001	0.0710937
5	0	0	0 days 08:23:11	0 days 00:00:01	1.57367e-25	1.2501900000000002e-24	-0.001	0.940097	-0.001	0.940097
5	0	30	0 days 08:24:17	0 days 00:00:01	2.2191899999999998e-25	9.691599999999999e-25	-0.001	0.0875549	-0.001	0.0875549
5	0	75	0 days 08:25:23	0 days 00:00:01	-2.34926e-25	1.5891900000000002e-24	-0.001	0.0468842	-0.001	0.0468842
5	30	0	0 days 08:23:17	0 days 00:00:01	1.1111400000000002e-24	1.39726e-24	-0.001	0.49545	-0.001	0.49545
5	30	15	0 days 08:24:11	0 days 00:00:01	-9.43873e-25	1.8850900000000003e-24	-0.001	0.350309	-0.001	0.350309
5	30	30	0 days 08:24:23	0 days 00:00:01	-5.72367e-26	1.5946500000000001e-24	-0.001	0.115514	-0.001	0.115514
5	30	60	0 days 08:25:17	0 days 00:00:01	-1.35614e-24	2.0820300000000003e-24	-0.001	0.0774935	-0.001	0.0774935
5	30	75	0 days 08:25:29	0 days 00:00:01	2.47e-25	1.58258e-24	-0.001	0.0492216	-0.001	0.0492216
5	30	90	0 days 08:26:23	0 days 00:00:01	-2.014e-25	1.66419e-24	-0.001	0.0369475	-0.001	0.0369475
5	60	0	0 days 08:23:23	0 days 00:00:01	7.01239e-25	1.30065e-24	-0.001	0.330823	-0.001	0.330823
5	60	15	0 days 08:24:05	0 days 00:00:01	1.13618e-26	2.3085100000000003e-24	-0.001	0.226477	-0.001	0.226477
5	60	30	0 days 08:24:29	0 days 00:00:01	1.30327e-24	2.6679500000000003e-24	-0.001	0.0812628	-0.001	0.0812628
5	60	60	0 days 08:25:11	0 days 00:00:01	4.71016e-25	1.0862400000000002e-24	0.00163732	0.0266176	0.00163732	0.0266176
5	60	75	0 days 08:25:35	0 days 00:00:01	-1.32567e-25	1.4129200000000002e-24	-0.001	0.0594932	-0.001	0.0594932
5	60	90	0 days 08:26:17	0 days 00:00:01	-2.92389e-25	1.19835e-24	-0.001	0.0409171	-0.001	0.0409171
5	90	0	0 days 08:23:29	0 days 00:00:01	5.06467e-25	1.52038e-24	-0.001	0.40115	-0.001	0.40115
5	90	15	0 days 08:23:59	0 days 00:00:01	1.79034e-25	1.25153e-24	-0.001	0.0760072	-0.001	0.0760072
5	90	30	0 days 08:24:35	0 days 00:00:01	1.11322e-24	2.8959400000000003e-24	-0.001	0.107267	-0.001	0.107267
5	90	60	0 days 08:25:05	0 days 00:00:01	1.0579800000000001e-26	1.5979600000000001e-24	-0.001	0.0401108	-0.001	0.0401108
5	90	75	0 days 08:25:41	0 days 00:00:01	-8.199270000000001e-26	1.7734600000000003e-24	-0.001	0.0496932	-0.001	0.0496932
5	90	90	0 days 08:26:11	0 days 00:00:01	9.71429e-25	1.89329e-24	-0.001	0.0451233	-0.001	0.0451233
5	120	0	0 days 08:23:35	0 days 00:00:01	1.09342e-24	1.5672300000000001e-24	-0.001	1.47838	-0.001	1.47838
5	120	15	0 days 08:23:53	0 days 00:00:01	4.09759e-25	1.1954000000000001e-24	-0.001	0.189753	-0.001	0.189753
5	120	30	0 days 08:24:41	0 days 00:00:01	3.00932e-25	1.5429200000000002e-24	-0.001	0.107816	-0.001	0.107816
5	120	60	0 days 08:24:59	0 days 00:00:01	7.92856e-26	1.67286e-24	-0.001	0.0574184	-0.001	0.0574184
5	120	75	0 days 08:25:47	0 days 00:00:01	1.03733e-25	1.33743e-24	-0.001	0.0542013	-0.001	0.0542013
5	120	90	0 days 08:26:05	0 days 00:00:01	-5.9067099999999995e-25	1.80203e-24	-0.001	0.0530642	-0.001	0.0530642
5	150	0	0 days 08:23:41	0 days 00:00:01	1.34747e-25	1.06315e-24	-0.001	0.160587	-0.001	0.160587
5	150	15	0 days 08:23:47	0 days 00:00:01	3.61017e-25	1.2435100000000002e-24	-0.001	0.0756801	-0.001	0.0756801
5	150	30	0 days 08:24:47	0 days 00:00:01	7.5847699999999995e-25	1.31158e-24	-0.001	0.0786671	-0.001	0.0786671
5	150	60	0 days 08:24:53	0 days 00:00:01	-9.72562e-25	1.9562e-24	-0.001	0.183685	-0.001	0.183685
5	150	75	0 days 08:25:53	0 days 00:00:01	-3.53106e-25	1.4142700000000001e-24	-0.001	0.0520679	-0.001	0.0520679
5	150	90	0 days 08:25:59	0 days 00:00:01	1.51819e-25	1.30033e-24	-0.001	0.033713	-0.001	0.033713
6	0	0	0 days 08:26:53	0 days 00:00:01	8.7409e-25	1.6379200000000001e-24	-0.001	0.168874	-0.001	0.168874
6	0	30	0 days 08:27:59	0 days 00:00:01	-2.6031e-25	1.3354100000000002e-24	-0.001	0.27022	-0.001	0.27022
6	0	75	0 days 08:29:05	0 days 00:00:01	-7.0765899999999995e-25	1.40466e-24	-0.001	0.0612752	-0.001	0.0612752
6	30	0	0 days 08:26:59	0 days 00:00:01	3.01243e-25	1.3764500000000002e-24	-0.001	1.4102	-0.001	1.4102
6	30	15	0 days 08:27:53	0 days 00:00:01	3.7142199999999997e-25	1.0862700000000001e-24	-0.001	2.70535	-0.001	2.70535
6	30	30	0 days 08:28:05	0 days 00:00:01	1.6005900000000001e-24	1.4697500000000002e-24	-0.001	0.214851	-0.001	0.214851
6	30	60	0 days 08:28:59	0 days 00:00:01	1.99387e-25	1.1856800000000002e-24	-0.001	0.0358148	-0.001	0.0358148
6	30	75	0 days 08:29:11	0 days 00:00:01	-2.501e-24	2.7388500000000002e-24	-0.001	0.219554	-0.001	0.219554
6	30	90	0 days 08:30:05	0 days 00:00:01	-3.3366500000000005e-24	2.4513400000000002e-24	-0.001	0.0947786	-0.001	0.0947786
6	60	0	0 days 08:27:05	0 days 00:00:01	-1.26327e-25	1.0756800000000001e-24	-0.001	4.46054	-0.001	4.46054
6	60	15	0 days 08:27:47	0 days 00:00:01	8.87156e-25	1.1473900000000001e-24	-0.001	1.0695	-0.001	1.0695
6	60	30	0 days 08:28:11	0 days 00:00:01	-1.98896e-25	2.12851e-24	-0.001	0.160202	-0.001	0.160202
6	60	60	0 days 08:28:53	0 days 00:00:01	5.3302e-25	1.6881e-24	-0.001	0.044485	-0.001	0.044485
6	60	75	0 days 08:29:17	0 days 00:00:01	-2.9467000000000004e-24	3.58894e-24	-0.001	0.438499	-0.001	0.438499
6	60	90	0 days 08:29:59	0 days 00:00:01	-1.4523300000000002e-24	1.49422e-24	-0.001	0.0582084	-0.001	0.0582084
6	90	0	0 days 08:27:11	0 days 00:00:01	-8.61053e-25	1.3043200000000001e-24	-0.001	0.250388	-0.001	0.250388
6	90	15	0 days 08:27:41	0 days 00:00:01	3.0502e-26	1.78833e-24	-0.001	0.109746	-0.001	0.109746
6	90	30	0 days 08:28:17	0 days 00:00:01	1.02663e-24	2.15347e-24	-0.001	0.0936371	-0.001	0.0936371
6	90	60	0 days 08:28:47	0 days 00:00:01	-3.5165100000000003e-26	1.82887e-24	-0.001	0.0531213	-0.001	0.0531213
6	90	75	0 days 08:29:23	0 days 00:00:01	-1.15948e-24	2.0640800000000003e-24	-0.001	0.090973	-0.001	0.090973
6	90	90	0 days 08:29:53	0 days 00:00:01	-2.2809900000000002e-24	2.63743e-24	-0.001	0.0886549	-0.001	0.0886549
6	120	0	0 days 08:27:17	0 days 00:00:01	5.59642e-25	1.56107e-24	-0.001	0.14609	-0.001	0.14609
6	120	15	0 days 08:27:35	0 days 00:00:01	1.22453e-25	1.5175300000000002e-24	-0.001	0.10768	-0.001	0.10768
6	120	30	0 days 08:28:23	0 days 00:00:01	1.05673e-25	9.88802e-25	-0.001	0.084164	-0.001	0.084164
6	120	60	0 days 08:28:41	0 days 00:00:01	6.82757e-25	1.4779000000000001e-24	-0.001	0.0571489	-0.001	0.0571489
6	120	75	0 days 08:29:29	0 days 00:00:01	5.66859e-25	1.1196000000000001e-24	-0.001	0.0525313	-0.001	0.0525313
6	120	90	0 days 08:29:47	0 days 00:00:01	5.8194e-25	1.5203300000000002e-24	-0.001	0.048745	-0.001	0.048745
6	150	0	0 days 08:27:23	0 days 00:00:01	-2.60157e-26	1.77142e-24	-0.001	0.148064	-0.001	0.148064
6	150	15	0 days 08:27:29	0 days 00:00:01	6.524499999999999e-25	2.5992000000000004e-24	-0.001	0.725845	-0.001	0.725845
6	150	30	0 days 08:28:29	0 days 00:00:01	-3.55905e-26	1.00444e-24	-0.001	0.0574363	-0.001	0.0574363
6	150	60	0 days 08:28:35	0 days 00:00:01	1.34376e-25	1.4661500000000002e-24	-0.001	0.0525065	-0.001	0.0525065
6	150	75	0 days 08:29:35	0 days 00:00:01	1.33631e-25	1.1777800000000001e-24	-0.001	0.0408808	-0.001	0.0408808
6	150	90	0 days 08:29:41	0 days 00:00:01	-7.91386e-25	1.7848e-24	-0.001	0.10465	-0.001	0.10465
7	0	0	0 days 08:30:35	0 days 00:00:01	-8.90962e-25	1.4745300000000001e-24	-0.001	0.374466	-0.001	0.374466
7	0	30	0 days 08:31:41	0 days 00:00:01	-3.69535e-24	2.91907e-24	-0.001	0.220621	-0.001	0.220621
7	0	75	0 days 08:32:47	0 days 00:00:01	-8.54482e-25	1.41862e-24	-0.001	0.0508633	-0.001	0.0508633
7	30	0	0 days 08:30:41	0 days 00:00:01	-8.50463e-25	8.537719999999999e-25	-0.001	0.172307	-0.001	0.172307
7	30	15	0 days 08:31:35	0 days 00:00:01	6.368160000000001e-26	1.91274e-24	-0.001	0.256147	-0.001	0.256147
7	30	30	0 days 08:31:47	0 days 00:00:01	-7.35801e-25	1.6259200000000001e-24	-0.001	0.292248	-0.001	0.292248
7	30	60	0 days 08:32:41	0 days 00:00:01	-7.51053e-25	1.7666000000000003e-24	-0.001	0.0516982	-0.001	0.0516982
7	30	75	0 days 08:32:53	0 days 00:00:01	-9.264289999999999e-25	1.1766000000000002e-24	-0.001	0.0589045	-0.001	0.0589045
7	30	90	0 days 08:33:47	0 days 00:00:01	-1.0173300000000001e-24	1.41868e-24	-0.001	0.0403822	-0.001	0.0403822
7	60	0	0 days 08:30:47	0 days 00:00:01	-1.5281400000000001e-24	1.3197700000000001e-24	-0.001	0.37191	-0.001	0.37191
7	60	15	0 days 08:31:29	0 days 00:00:01	-2.0769700000000002e-24	1.4247200000000002e-24	-0.001	0.795865	-0.001	0.795865
7	60	30	0 days 08:31:53	0 days 00:00:01	-1.09816e-24	8.22666e-25	-0.001	0.166162	-0.001	0.166162
7	60	60	0 days 08:32:35	0 days 00:00:01	-1.5648800000000002e-24	1.3177100000000002e-24	-0.001	0.044211	-0.001	0.044211
7	60	75	0 days 08:32:59	0 days 00:00:01	-1.4713600000000001e-24	1.2051600000000002e-24	-0.001	0.0510422	-0.001	0.0510422
7	60	90	0 days 08:33:41	0 days 00:00:01	-2.7225400000000002e-24	2.3908000000000002e-24	-0.001	0.0870104	-0.001	0.0870104
7	90	0	0 days 08:30:53	0 days 00:00:01	-1.6056300000000002e-24	1.79622e-24	-0.001	0.156007	-0.001	0.156007
7	90	15	0 days 08:31:23	0 days 00:00:01	-2.3648300000000003e-24	2.7898800000000002e-24	-0.001	0.496557	-0.001	0.496557
7	90	30	0 days 08:31:59	0 days 00:00:01	-2.0575000000000003e-24	1.96533e-24	-0.001	2.0117	-0.001	2.0117
7	90	60	0 days 08:32:29	0 days 00:00:01	-1.3399000000000002e-24	1.5690300000000001e-24	-0.001	0.0500959	-0.001	0.0500959
7	90	75	0 days 08:33:05	0 days 00:00:01	-1.92234e-24	1.5485600000000001e-24	-0.001	0.115037	-0.001	0.115037
7	90	90	0 days 08:33:35	0 days 00:00:01	-2.0413400000000003e-24	2.5501100000000003e-24	-0.001	0.129397	-0.001	0.129397
7	120	0	0 days 08:30:59	0 days 00:00:01	-1.35631e-24	1.6248300000000002e-24	-0.001	0.378238	-0.001	0.378238
7	120	15	0 days 08:31:17	0 days 00:00:01	-2.4233100000000003e-24	1.91535e-24	-0.001	0.497227	-0.001	0.497227
7	120	30	0 days 08:32:05	0 days 00:00:01	-1.89287e-25	1.2037900000000001e-24	-0.001	0.0922986	-0.001	0.0922986
7	120	60	0 days 08:32:23	0 days 00:00:01	-5.19581e-25	1.08343e-24	-0.001	0.0397106	-0.001	0.0397106
7	120	75	0 days 08:33:11	0 days 00:00:01	-8.80938e-25	2.01861e-24	-0.001	0.0568978	-0.001	0.0568978
7	120	90	0 days 08:33:29	0 days 00:00:01	-4.39729e-28	1.46246e-24	-0.001	0.0433773	-0.001	0.0433773
7	150	0	0 days 08:31:05	0 days 00:00:01	-2.30745e-24	1.5386500000000001e-24	-0.001	0.969497	-0.001	0.969497
7	150	15	0 days 08:31:11	0 days 00:00:01	-7.45607e-25	1.4428000000000001e-24	-0.001	2.16212	-0.001	2.16212
7	150	30	0 days 08:32:11	0 days 00:00:01	-1.91304e-24	1.5085100000000002e-24	-0.001	0.306001	-0.001	0.306001
7	150	60	0 days 08:32:17	0 days 00:00:01	-8.34948e-25	1.19364e-24	-0.001	0.0924472	-0.001	0.0924472
7	150	75	0 days 08:33:17	0 days 00:00:01	-1.0168800000000001e-24	2.0055100000000002e-24	-0.001	0.0585929	-0.001	0.0585929
7	150	90	0 days 08:33:23	0 days 00:00:01	-2.0195200000000003e-24	2.16932e-24	-0.001	0.0952005	-0.001	0.0952005
8	0	0	0 days 08:34:17	0 days 00:00:01	7.303129999999999e-25	2.10934e-24	-0.001	0.148423	-0.001	0.148423
8	0	30	0 days 08:35:23	0 days 00:00:01	-1.4785000000000001e-24	2.4676800000000002e-24	-0.00188718	1.14335	-0.00188718	1.14335
8	0	75	0 days 08:36:29	0 days 00:00:01	-1.1407100000000001e-24	2.5661100000000003e-24	-0.001	0.0777692	-0.001	0.0777692
8	30	0	0 days 08:34:23	0 days 00:00:01	-1.2908900000000002e-24	3.42242e-24	-0.001	0.212657	-0.001	0.212657
8	30	15	0 days 08:35:17	0 days 00:00:01	3.45271e-25	1.4676400000000002e-24	-0.001	0.0947308	-0.001	0.0947308
8	30	30	0 days 08:35:29	0 days 00:00:01	-1.30531e-25	1.3707400000000002e-24	-0.001	0.167047	-0.001	0.167047
8	30	60	0 days 08:36:23	0 days 00:00:01	-1.2428800000000002e-24	2.9051100000000003e-24	-0.001	0.101224	-0.001	0.101224
8	30	75	0 days 08:36:35	0 days 00:00:01	2.3871899999999997e-25	3.2742700000000002e-24	-0.001	0.12518	-0.001	0.12518
8	30	90	0 days 08:37:29	0 days 00:00:01	-5.23247e-25	2.04698e-24	-0.001	0.0588144	-0.001	0.0588144
8	60	0	0 days 08:34:29	0 days 00:00:01	-6.1591399999999995e-25	2.22515e-24	-0.001	0.273273	-0.001	0.273273
8	60	15	0 days 08:35:11	0 days 00:00:01	2.36314e-25	2.58148e-24	-0.001	0.129038	-0.001	0.129038
8	60	30	0 days 08:35:35	0 days 00:00:01	-3.31219e-25	4.1214400000000004e-24	-0.001	0.20529	-0.001	0.20529
8	60	60	0 days 08:36:17	0 days 00:00:01	-7.68145e-25	2.50097e-24	-0.001	0.0665452	-0.001	0.0665452
8	60	75	0 days 08:36:41	0 days 00:00:01	-1.5624500000000002e-24	2.94957e-24	-0.001	0.13162	-0.001	0.13162
8	60	90	0 days 08:37:23	0 days 00:00:01	-3.41761e-25	3.58088e-24	-0.001	0.0865713	-0.001	0.0865713
8	90	0	0 days 08:34:35	0 days 00:00:01	-2.7191600000000003e-24	3.90833e-24	-0.001	0.382228	-0.001	0.382228
8	90	15	0 days 08:35:05	0 days 00:00:01	7.61668e-25	1.2896400000000001e-24	-0.001	0.122281	-0.001	0.122281
8	90	30	0 days 08:35:41	0 days 00:00:01	-2.04593e-25	1.5331900000000001e-24	-0.001	0.129299	-0.001	0.129299
8	90	60	0 days 08:36:11	0 days 00:00:01	-2.23296e-25	2.5773500000000004e-24	-0.001	0.0615186	-0.001	0.0615186
8	90	75	0 days 08:36:47	0 days 00:00:01	1.50651e-25	2.52135e-24	-0.001	0.0902799	-0.001	0.0902799
8	90	90	0 days 08:37:17	0 days 00:00:01	-1.61448e-24	3.2949100000000004e-24	-0.001	0.101438	-0.001	0.101438
8	120	0	0 days 08:34:41	0 days 00:00:01	5.13902e-25	2.01925e-24	-0.001	0.664388	-0.001	0.664388
8	120	15	0 days 08:34:59	0 days 00:00:01	-1.4253000000000001e-24	2.9752800000000002e-24	-0.001	0.179889	-0.001	0.179889
8	120	30	0 days 08:35:47	0 days 00:00:01	-9.70679e-25	2.9987300000000002e-24	-0.001	0.730324	-0.001	0.730324
8	120	60	0 days 08:36:05	0 days 00:00:01	-7.0315299999999995e-25	3.0515800000000003e-24	-0.001	0.091162	-0.001	0.091162
8	120	75	0 days 08:36:53	0 days 00:00:01	-1.08054e-24	2.51981e-24	-0.001	0.119049	-0.001	0.119049
8	120	90	0 days 08:37:11	0 days 00:00:01	5.25827e-25	2.0493400000000003e-24	-0.001	0.0723598	-0.001	0.0723598
8	150	0	0 days 08:34:47	0 days 00:00:01	-1.33768e-25	1.2358000000000002e-24	-0.001	0.143785	-0.001	0.143785
8	150	15	0 days 08:34:53	0 days 00:00:01	-1.87412e-25	1.6277e-24	-0.001	0.639767	-0.001	0.639767
8	150	30	0 days 08:35:53	0 days 00:00:01	-9.91882e-26	2.0034800000000002e-24	-0.001	0.0790423	-0.001	0.0790423
8	150	60	0 days 08:35:59	0 days 00:00:01	-1.26477e-25	2.5385000000000003e-24	-0.001	0.101018	-0.001	0.101018
8	150	75	0 days 08:36:59	0 days 00:00:01	-8.8847e-25	2.8306600000000002e-24	-0.001	0.126814	-0.001	0.126814
8	150	90	0 days 08:37:05	0 days 00:00:01	-1.66289e-25	2.0630300000000002e-24	-0.001	0.0802413	-0.001	0.0802413
9	0	0	0 days 08:37:59	0 days 00:00:01	-2.62124e-25	1.6994100000000003e-24	-0.001	0.118071	-0.001	0.118071
9	0	30	0 days 08:39:05	0 days 00:00:01	-1.18426e-25	2.4875000000000002e-24	-0.001	0.16565	-0.001	0.16565
9	0	75	0 days 08:40:11	0 days 00:00:01	7.63793e-25	1.37559e-24	-0.001	0.0685032	-0.001	0.0685032
9	30	0	0 days 08:38:05	0 days 00:00:01	9.89637e-26	1.39135e-24	-0.001	0.966055	-0.001	0.966055
9	30	15	0 days 08:38:59	0 days 00:00:01	-1.58706e-24	1.9452200000000002e-24	-0.001	0.848194	-0.001	0.848194
9	30	30	0 days 08:39:11	0 days 00:00:01	-3.8779500000000005e-24	3.823180000000001e-24	-0.001	0.303263	-0.001	0.303263
9	30	60	0 days 08:40:05	0 days 00:00:01	-1.60814e-24	2.0439e-24	-0.001	0.64242	-0.001	0.64242
9	30	75	0 days 08:40:17	0 days 00:00:01	-2.5825500000000004e-24	3.1817300000000003e-24	-0.001	0.354038	-0.001	0.354038
9	30	90	0 days 08:41:11	0 days 00:00:01	8.95153e-26	1.5518000000000002e-24	-0.001	0.143578	-0.001	0.143578
9	60	0	0 days 08:38:11	0 days 00:00:01	2.81656e-25	1.6799600000000003e-24	-0.001	0.171045	-0.001	0.171045
9	60	15	0 days 08:38:53	0 days 00:00:01	5.57456e-26	2.5309000000000003e-24	-0.001	0.194354	-0.001	0.194354
9	60	30	0 days 08:39:17	0 days 00:00:01	7.580840000000001e-26	1.8098000000000002e-24	-0.001	0.622342	-0.001	0.622342
9	60	60	0 days 08:39:59	0 days 00:00:01	7.36346e-25	1.1693700000000002e-24	-0.001	0.0615562	-0.001	0.0615562
9	60	75	0 days 08:40:23	0 days 00:00:01	-9.96853e-25	1.92982e-24	-0.00143468	0.228726	-0.00143468	0.228726
9	60	90	0 days 08:41:05	0 days 00:00:01	3.3940599999999997e-25	1.11553e-24	-0.001	0.072586	-0.001	0.072586
9	90	0	0 days 08:38:17	0 days 00:00:01	4.22538e-25	2.7757300000000003e-24	-0.001	0.891112	-0.001	0.891112
9	90	15	0 days 08:38:47	0 days 00:00:01	-3.0574e-25	2.70502e-24	-0.001	0.185243	-0.001	0.185243
9	90	30	0 days 08:39:23	0 days 00:00:01	-1.43202e-24	2.1493600000000002e-24	-0.001	0.377968	-0.001	0.377968
9	90	60	0 days 08:39:53	0 days 00:00:01	8.34709e-25	2.1802300000000002e-24	-0.001	0.105537	-0.001	0.105537
9	90	75	0 days 08:40:29	0 days 00:00:01	-1.27661e-25	1.5776900000000001e-24	-0.001	0.11964	-0.001	0.11964
9	90	90	0 days 08:40:59	0 days 00:00:01	-1.3313900000000002e-24	2.9467000000000004e-24	-0.001	0.128731	-0.001	0.128731
9	120	0	0 days 08:38:23	0 days 00:00:01	-9.64852e-25	1.3418400000000002e-24	-0.001	0.234068	-0.001	0.234068
9	120	15	0 days 08:38:41	0 days 00:00:01	6.07593e-25	1.4624800000000001e-24	-0.001	0.184053	-0.001	0.184053
9	120	30	0 days 08:39:29	0 days 00:00:01	-4.0352099999999997e-25	1.8401200000000003e-24	-0.001	0.425114	-0.001	0.425114
9	120	60	0 days 08:39:47	0 days 00:00:01	-4.75197e-25	1.07183e-24	-0.00102952	0.0875399	-0.00102952	0.0875399
9	120	75	0 days 08:40:35	0 days 00:00:01	1.57461e-25	2.02628e-24	-0.001	2.06737	-0.001	2.06737
9	120	90	0 days 08:40:53	0 days 00:00:01	8.64344e-25	2.8277500000000004e-24	-0.000804153	0.0989214	-0.000804153	0.0989214
9	150	0	0 days 08:38:29	0 days 00:00:01	-3.78749e-24	3.0755800000000002e-24	-0.001	0.157408	-0.001	0.157408
9	150	15	0 days 08:38:35	0 days 00:00:01	-1.50588e-25	1.99205e-24	-0.001	0.132734	-0.001	0.132734
9	150	30	0 days 08:39:35	0 days 00:00:01	3.62977e-25	1.48831e-24	-0.001	0.173227	-0.001	0.173227
9	150	60	0 days 08:39:41	0 days 00:00:01	-5.36976e-25	1.5885900000000002e-24	-0.001	0.136926	-0.001	0.136926
9	150	75	0 days 08:40:41	0 days 00:00:01	-1.5406700000000001e-24	2.2919900000000004e-24	-0.001	0.62782	-0.001	0.62782
9	150	90	0 days 08:40:47	0 days 00:00:01	-3.11729e-25	1.6599800000000002e-24	-0.001	0.246674	-0.001	0.246674
10	0	0	0 days 08:41:41	0 days 00:00:01	-2.06074e-24	1.9683100000000003e-24	-0.001	0.181695	-0.001	0.181695
10	0	30	0 days 08:42:47	0 days 00:00:01	-7.51398e-25	1.5971900000000001e-24	-0.001	0.20561	-0.001	0.20561
10	0	75	0 days 08:43:53	0 days 00:00:01	-4.01224e-24	3.2186000000000003e-24	-0.001	0.340558	-0.001	0.340558
10	30	0	0 days 08:41:47	0 days 00:00:01	-2.9381100000000003e-24	2.2165800000000003e-24	-0.001	0.319218	-0.001	0.319218
10	30	15	0 days 08:42:41	0 days 00:00:01	-1.2392100000000001e-24	1.3010300000000002e-24	-0.001	0.187648	-0.001	0.187648
10	30	30	0 days 08:42:53	0 days 00:00:01	-1.3440700000000002e-24	1.3689700000000002e-24	-0.001	0.183704	-0.001	0.183704
10	30	60	0 days 08:43:47	0 days 00:00:01	1.3408e-24	1.74409e-24	-0.001	0.0544296	-0.001	0.0544296
10	30	75	0 days 08:43:59	0 days 00:00:01	1.5866e-25	2.2721000000000003e-24	-0.001	0.0844043	-0.001	0.0844043
10	30	90	0 days 08:44:53	0 days 00:00:01	-1.61429e-25	1.35945e-24	-0.001	0.0440857	-0.001	0.0440857
10	60	0	0 days 08:41:53	0 days 00:00:01	-1.3785400000000002e-24	1.3922700000000002e-24	-0.001	0.748156	-0.001	0.748156
10	60	15	0 days 08:42:35	0 days 00:00:01	8.03239e-25	1.3531800000000002e-24	-0.001	0.161393	-0.001	0.161393
10	60	30	0 days 08:42:59	0 days 00:00:01	-1.5468300000000002e-24	1.73325e-24	-0.001	0.319497	-0.001	0.319497
10	60	60	0 days 08:43:41	0 days 00:00:01	-5.1160500000000005e-26	1.31501e-24	-0.001	0.035771	-0.001	0.035771
10	60	75	0 days 08:44:05	0 days 00:00:01	-7.28146e-25	1.2265000000000001e-24	-0.001	0.0564833	-0.001	0.0564833
10	60	90	0 days 08:44:47	0 days 00:00:01	-4.51951e-25	1.4599400000000001e-24	-0.001	0.0494633	-0.001	0.0494633
10	90	0	0 days 08:41:59	0 days 00:00:01	-3.0044100000000004e-24	2.4107500000000003e-24	-0.001	0.203496	-0.001	0.203496
10	90	15	0 days 08:42:29	0 days 00:00:01	3.22495e-25	1.4252900000000002e-24	-0.001	0.141133	-0.001	0.141133
10	90	30	0 days 08:43:05	0 days 00:00:01	2.9812999999999997e-25	1.7311e-24	-0.001	0.187161	-0.001	0.187161
10	90	60	0 days 08:43:35	0 days 00:00:01	3.55027e-25	1.6154300000000002e-24	-0.001	0.0466638	-0.001	0.0466638
10	90	75	0 days 08:44:11	0 days 00:00:01	1.34331e-25	2.23211e-24	-0.001	0.113383	-0.001	0.113383
10	90	90	0 days 08:44:41	0 days 00:00:01	1.0213000000000001e-24	1.7715e-24	-0.001	0.0633549	-0.001	0.0633549
10	120	0	0 days 08:42:05	0 days 00:00:01	-1.7218400000000002e-24	2.2066100000000003e-24	-0.001	0.19073	-0.001	0.19073
10	120	15	0 days 08:42:23	0 days 00:00:01	2.83986e-25	1.1633200000000002e-24	-0.001	0.123716	-0.001	0.123716
10	120	30	0 days 08:43:11	0 days 00:00:01	-5.40044e-25	1.4963700000000002e-24	-0.001	0.124397	-0.001	0.124397
10	120	60	0 days 08:43:29	0 days 00:00:01	-1.5044300000000001e-24	1.75691e-24	-0.001	0.0666061	-0.001	0.0666061
10	120	75	0 days 08:44:17	0 days 00:00:01	-7.05628e-25	1.06863e-24	-0.001	0.0463047	-0.001	0.0463047
10	120	90	0 days 08:44:35	0 days 00:00:01	-2.00291e-25	1.58943e-24	-0.001	0.0490032	-0.001	0.0490032
10	150	0	0 days 08:42:11	0 days 00:00:01	-1.72167e-25	1.3677400000000002e-24	-0.001	0.154025	-0.001	0.154025
10	150	15	0 days 08:42:17	0 days 00:00:01	-1.7051999999999999e-25	1.79307e-24	-0.001	0.271607	-0.001	0.271607
10	150	30	0 days 08:43:17	0 days 00:00:01	-1.7380700000000003e-24	1.74946e-24	-0.001	0.108975	-0.001	0.108975
10	150	60	0 days 08:43:23	0 days 00:00:01	4.2311599999999995e-25	1.3914500000000001e-24	-0.00111003	0.189604	-0.00111003	0.189604
10	150	75	0 days 08:44:23	0 days 00:00:01	-4.02042e-25	1.85186e-24	-0.001	0.100094	-0.001	0.100094
10	150	90	0 days 08:44:29	0 days 00:00:01	-7.68503e-25	1.6911300000000003e-24	-0.001	0.0955957	-0.001	0.0955957
11	0	0	0 days 08:45:23	0 days 00:00:01	3.28446e-25	1.9373800000000003e-24	-0.001	0.494436	-0.001	0.494436
11	0	30	0 days 08:46:29	0 days 00:00:01	3.53967e-25	1.4640700000000002e-24	-0.001	0.210479	-0.001	0.210479
11	0	75	0 days 08:47:35	0 days 00:00:01	-3.86229e-26	1.55222e-24	-0.001	0.141501	-0.001	0.141501
11	30	0	0 days 08:45:29	0 days 00:00:01	-1.98897e-26	2.59367e-24	-0.001	0.419945	-0.001	0.419945
11	30	15	0 days 08:46:23	0 days 00:00:01	1.0083400000000001e-24	1.8256200000000002e-24	-0.000776228	0.271247	-0.000776228	0.271247
11	30	30	0 days 08:46:35	0 days 00:00:01	-4.64968e-25	1.5245900000000002e-24	-0.001	1.40973	-0.001	1.40973
11	30	60	0 days 08:47:29	0 days 00:00:01	3.19373e-25	1.9392500000000002e-24	-0.001	0.231021	-0.001	0.231021
11	30	75	0 days 08:47:41	0 days 00:00:01	-3.26959e-24	3.0906900000000002e-24	-0.001	1.01645	-0.001	1.01645
11	30	90	0 days 08:48:35	0 days 00:00:01	8.36895e-25	2.06099e-24	-0.001	0.0779446	-0.001	0.0779446
11	60	0	0 days 08:45:35	0 days 00:00:01	5.47825e-25	3.0909700000000003e-24	-0.001	0.763107	-0.001	0.763107
11	60	15	0 days 08:46:17	0 days 00:00:01	8.2271099999999995e-25	1.9033000000000002e-24	-0.001	0.212539	-0.001	0.212539
11	60	30	0 days 08:46:41	0 days 00:00:01	-1.70225e-24	2.76771e-24	-0.001	2.35614	-0.001	2.35614
11	60	60	0 days 08:47:23	0 days 00:00:01	-1.70651e-25	1.74485e-24	-0.001	0.0745763	-0.001	0.0745763
11	60	75	0 days 08:47:47	0 days 00:00:01	3.60258e-25	1.6405600000000002e-24	-0.001	0.127008	-0.001	0.127008
11	60	90	0 days 08:48:29	0 days 00:00:01	1.1362500000000001e-24	1.64849e-24	-0.001	0.0864475	-0.001	0.0864475
11	90	0	0 days 08:45:41	0 days 00:00:01	8.83751e-25	1.68437e-24	-0.001	2.18893	-0.001	2.18893
11	90	15	0 days 08:46:11	0 days 00:00:01	3.65671e-25	2.4007800000000003e-24	-0.001	0.781717	-0.001	0.781717
11	90	30	0 days 08:46:47	0 days 00:00:01	-8.072419999999999e-25	9.34718e-25	-0.001	0.33964	-0.001	0.33964
11	90	60	0 days 08:47:17	0 days 00:00:01	-2.12205e-24	2.1986700000000003e-24	-0.001	0.139526	-0.001	0.139526
11	90	75	0 days 08:47:53	0 days 00:00:01	2.04676e-25	1.8434e-24	-0.001	0.126651	-0.001	0.126651
11	90	90	0 days 08:48:23	0 days 00:00:01	-7.847729999999999e-27	1.5727900000000002e-24	-0.000999988	0.139833	-0.000999988	0.139833
11	120	0	0 days 08:45:47	0 days 00:00:01	-7.82907e-26	1.65612e-24	-0.001	0.102598	-0.001	0.102598
11	120	15	0 days 08:46:05	0 days 00:00:01	-1.44659e-25	1.7810000000000003e-24	-0.001	0.46962	-0.001	0.46962
11	120	30	0 days 08:46:53	0 days 00:00:01	-1.23133e-25	1.6769400000000002e-24	-0.001	0.506488	-0.001	0.506488
11	120	60	0 days 08:47:11	0 days 00:00:01	1.1607000000000001e-24	2.18961e-24	-0.001	0.111009	-0.001	0.111009
11	120	75	0 days 08:47:59	0 days 00:00:01	2.75581e-25	1.8644900000000002e-24	-0.001	0.173441	-0.001	0.173441
11	120	90	0 days 08:48:17	0 days 00:00:01	-7.32181e-26	2.2434200000000003e-24	-0.001	0.12444	-0.001	0.12444
11	150	0	0 days 08:45:53	0 days 00:00:01	7.55329e-25	1.8601600000000003e-24	-0.001	0.179818	-0.001	0.179818
11	150	15	0 days 08:45:59	0 days 00:00:01	2.79004e-25	1.5972900000000002e-24	-0.001	0.451858	-0.001	0.451858
11	150	30	0 days 08:46:59	0 days 00:00:01	-1.12817e-25	1.60554e-24	-0.001	1.47559	-0.001	1.47559
11	150	60	0 days 08:47:05	0 days 00:00:01	4.56772e-25	1.4708400000000002e-24	-0.001	0.228417	-0.001	0.228417
11	150	75	0 days 08:48:05	0 days 00:00:01	-3.78475e-25	1.7620400000000003e-24	-0.001	0.171871	-0.001	0.171871
11	150	90	0 days 08:48:11	0 days 00:00:01	-2.07087e-24	2.20994e-24	-0.001	0.82662	-0.001	0.82662
12	0	0	0 days 08:49:05	0 days 00:00:01	8.43295e-25	1.6294300000000002e-24	-0.001	0.336003	-0.001	0.336003
12	0	30	0 days 08:50:11	0 days 00:00:01	1.2963800000000001e-24	2.6446600000000004e-24	-0.000984172	0.798121	-0.000984172	0.798121
12	0	75	0 days 08:51:17	0 days 00:00:01	1.13221e-24	2.4203600000000004e-24	-0.000875673	0.231597	-0.000875673	0.231597
12	30	0	0 days 08:49:11	0 days 00:00:01	1.46692e-24	1.87402e-24	-0.001	0.200292	-0.001	0.200292
12	30	15	0 days 08:50:05	0 days 00:00:01	1.39124e-25	1.6913e-24	-0.001	0.406834	-0.001	0.406834
12	30	30	0 days 08:50:17	0 days 00:00:01	1.4203700000000002e-24	2.8370700000000003e-24	-0.001	0.212626	-0.001	0.212626
12	30	60	0 days 08:51:11	0 days 00:00:01	6.5309e-25	1.72522e-24	-0.001	0.213416	-0.001	0.213416
12	30	75	0 days 08:51:23	0 days 00:00:01	6.85996e-25	1.87575e-24	-0.001	0.286066	-0.001	0.286066
12	30	90	0 days 08:52:17	0 days 00:00:01	7.7623e-25	2.37848e-24	-0.001	0.178211	-0.001	0.178211
12	60	0	0 days 08:49:17	0 days 00:00:01	1.00783e-25	1.912e-24	-0.001	0.351832	-0.001	0.351832
12	60	15	0 days 08:49:59	0 days 00:00:01	7.768e-25	3.7499800000000005e-24	-0.001	0.198667	-0.001	0.198667
12	60	30	0 days 08:50:23	0 days 00:00:01	7.49814e-26	1.6395100000000002e-24	-0.001	0.182836	-0.001	0.182836
12	60	60	0 days 08:51:05	0 days 00:00:01	1.0907900000000001e-24	3.41153e-24	-0.001	0.0902369	-0.001	0.0902369
12	60	75	0 days 08:51:29	0 days 00:00:01	8.32429e-25	2.91252e-24	-0.001	0.237401	-0.001	0.237401
12	60	90	0 days 08:52:11	0 days 00:00:01	-6.97919e-25	2.46869e-24	-0.001	0.13953	-0.001	0.13953
12	90	0	0 days 08:49:23	0 days 00:00:01	-5.11197e-25	1.5866200000000002e-24	-0.001	0.251038	-0.001	0.251038
12	90	15	0 days 08:49:53	0 days 00:00:01	8.04688e-25	1.21332e-24	-0.001	0.136787	-0.001	0.136787
12	90	30	0 days 08:50:29	0 days 00:00:01	1.00338e-24	2.1426500000000002e-24	-0.001	0.610129	-0.001	0.610129
12	90	60	0 days 08:50:59	0 days 00:00:01	6.5169e-25	3.40174e-24	-0.001	0.097195	-0.001	0.097195
12	90	75	0 days 08:51:35	0 days 00:00:01	1.9547900000000002e-24	3.5375600000000005e-24	-0.001	0.27986	-0.001	0.27986
12	90	90	0 days 08:52:05	0 days 00:00:01	5.37003e-25	3.31987e-24	-0.001	0.134823	-0.001	0.134823
12	120	0	0 days 08:49:29	0 days 00:00:01	3.61577e-25	2.6280600000000003e-24	-0.001	0.207484	-0.001	0.207484
12	120	15	0 days 08:49:47	0 days 00:00:01	-6.25277e-26	1.75181e-24	-0.00108666	0.169456	-0.00108666	0.169456
12	120	30	0 days 08:50:35	0 days 00:00:01	1.5197900000000002e-24	1.68284e-24	-0.001	0.186766	-0.001	0.186766
12	120	60	0 days 08:50:53	0 days 00:00:01	-3.94972e-25	3.1817600000000002e-24	-0.001	0.137886	-0.001	0.137886
12	120	75	0 days 08:51:41	0 days 00:00:01	7.6007e-25	1.74817e-24	-0.00123666	0.228598	-0.00123666	0.228598
12	120	90	0 days 08:51:59	0 days 00:00:01	1.41608e-24	1.7065e-24	-0.001	0.0883603	-0.001	0.0883603
12	150	0	0 days 08:49:35	0 days 00:00:01	2.6829899999999997e-25	1.28583e-24	-0.001	0.291646	-0.001	0.291646
12	150	15	0 days 08:49:41	0 days 00:00:01	-2.19952e-25	2.2224000000000003e-24	-0.000999743	0.626417	-0.000999743	0.626417
12	150	30	0 days 08:50:41	0 days 00:00:01	1.3408800000000001e-24	1.5972500000000001e-24	-0.001	0.188011	-0.001	0.188011
12	150	60	0 days 08:50:47	0 days 00:00:01	5.824119999999999e-25	1.7965700000000002e-24	-0.001	0.136449	-0.001	0.136449
12	150	75	0 days 08:51:47	0 days 00:00:01	1.0464900000000001e-24	2.44047e-24	-0.00102974	0.134052	-0.00102974	0.134052
12	150	90	0 days 08:51:53	0 days 00:00:01	-9.69659e-25	2.25353e-24	-0.001	0.568789	-0.001	0.568789
13	0	0	0 days 08:52:47	0 days 00:00:01	3.35562e-24	3.1615500000000004e-24	-0.001	0.488317	-0.001	0.488317
13	0	30	0 days 08:53:53	0 days 00:00:01	2.6078800000000004e-24	2.44409e-24	-0.001	0.123426	-0.001	0.123426
13	0	75	0 days 08:54:59	0 days 00:00:01	2.9077100000000004e-24	2.5103200000000004e-24	-0.001	0.106341	-0.001	0.106341
13	30	0	0 days 08:52:53	0 days 00:00:01	2.10971e-24	3.0219500000000004e-24	-0.001	0.191257	-0.001	0.191257
13	30	15	0 days 08:53:47	0 days 00:00:01	2.7331700000000004e-24	3.2784700000000004e-24	-0.001	0.201124	-0.001	0.201124
13	30	30	0 days 08:53:59	0 days 00:00:01	3.38597e-24	3.61786e-24	-0.001	0.164213	-0.001	0.164213
13	30	60	0 days 08:54:53	0 days 00:00:01	2.7188900000000004e-24	4.19707e-24	-0.001	0.152614	-0.001	0.152614
13	30	75	0 days 08:55:05	0 days 00:00:01	-1.85604e-24	2.39476e-24	-0.001	0.784357	-0.001	0.784357
13	30	90	0 days 08:55:59	0 days 00:00:01	3.2105200000000004e-24	2.5606100000000004e-24	-0.001	0.103693	-0.001	0.103693
13	60	0	0 days 08:52:59	0 days 00:00:01	2.5645100000000003e-24	2.4162200000000002e-24	-0.001	3.47276	-0.001	3.47276
13	60	15	0 days 08:53:41	0 days 00:00:01	1.1813400000000002e-24	1.4565400000000001e-24	-0.001	0.153824	-0.001	0.153824
13	60	30	0 days 08:54:05	0 days 00:00:01	3.4350200000000006e-24	3.0042800000000003e-24	-0.001	0.184254	-0.001	0.184254
13	60	60	0 days 08:54:47	0 days 00:00:01	2.50156e-24	2.89636e-24	-0.001	0.0801217	-0.001	0.0801217
13	60	75	0 days 08:55:11	0 days 00:00:01	1.5289900000000001e-24	5.87575e-24	-0.001	0.231686	-0.001	0.231686
13	60	90	0 days 08:55:53	0 days 00:00:01	1.3245600000000002e-24	2.2983200000000003e-24	-0.001	0.136224	-0.001	0.136224
13	90	0	0 days 08:53:05	0 days 00:00:01	-1.4888700000000001e-24	2.59512e-24	-0.001	0.962786	-0.001	0.962786
13	90	15	0 days 08:53:35	0 days 00:00:01	2.55551e-24	4.51579e-24	-0.001	0.137497	-0.001	0.137497
13	90	30	0 days 08:54:11	0 days 00:00:01	1.5420300000000002e-24	2.00775e-24	-0.001	0.207042	-0.001	0.207042
13	90	60	0 days 08:54:41	0 days 00:00:01	1.2352000000000002e-24	1.9819700000000003e-24	-0.001	0.0647675	-0.001	0.0647675
13	90	75	0 days 08:55:17	0 days 00:00:01	3.34793e-24	3.81384e-24	-0.001	0.151456	-0.001	0.151456
13	90	90	0 days 08:55:47	0 days 00:00:01	2.3737800000000002e-24	2.24347e-24	-0.001	0.112142	-0.001	0.112142
13	120	0	0 days 08:53:11	0 days 00:00:01	1.9035500000000003e-24	2.05969e-24	-0.001	0.241504	-0.001	0.241504
13	120	15	0 days 08:53:29	0 days 00:00:01	2.76073e-24	2.6204600000000003e-24	-0.001	0.169063	-0.001	0.169063
13	120	30	0 days 08:54:17	0 days 00:00:01	2.7556600000000003e-24	3.81586e-24	-0.001	0.237802	-0.001	0.237802
13	120	60	0 days 08:54:35	0 days 00:00:01	2.27565e-24	2.6805100000000003e-24	-0.001	0.112048	-0.001	0.112048
13	120	75	0 days 08:55:23	0 days 00:00:01	4.55118e-24	5.7612800000000004e-24	-0.001	0.169157	-0.001	0.169157
13	120	90	0 days 08:55:41	0 days 00:00:01	1.3612000000000002e-24	1.5807000000000002e-24	-0.00126219	0.0880277	-0.00126219	0.0880277
13	150	0	0 days 08:53:17	0 days 00:00:01	4.84597e-24	3.49461e-24	-0.001	0.310871	-0.001	0.310871
13	150	15	0 days 08:53:23	0 days 00:00:01	4.1951300000000005e-24	3.2983400000000002e-24	-0.001	0.171343	-0.001	0.171343
13	150	30	0 days 08:54:23	0 days 00:00:01	3.09336e-24	4.5320200000000006e-24	-0.001	0.145185	-0.001	0.145185
13	150	60	0 days 08:54:29	0 days 00:00:01	1.99898e-24	1.7883900000000003e-24	-0.001	0.119771	-0.001	0.119771
13	150	75	0 days 08:55:29	0 days 00:00:01	2.4636800000000002e-24	2.52448e-24	-0.001	0.205693	-0.001	0.205693
13	150	90	0 days 08:55:35	0 days 00:00:01	9.56766e-25	1.9421100000000002e-24	-0.001	0.234767	-0.001	0.234767
14	0	0	0 days 08:56:29	0 days 00:00:01	9.36204e-25	1.5299600000000001e-24	-0.001	0.426509	-0.001	0.426509
14	0	30	0 days 08:57:35	0 days 00:00:01	2.01526e-24	1.6098300000000002e-24	-0.001	0.191136	-0.001	0.191136
14	0	75	0 days 08:58:41	0 days 00:00:01	1.39517e-25	1.19412e-24	-0.001	0.0468296	-0.001	0.0468296
14	30	0	0 days 08:56:35	0 days 00:00:01	-1.7770299999999999e-25	5.4325e-25	-0.001	0.148252	-0.001	0.148252
14	30	15	0 days 08:57:29	0 days 00:00:01	2.40123e-25	9.61041e-25	-0.001	0.200521	-0.001	0.200521
14	30	30	0 days 08:57:41	0 days 00:00:01	6.28742e-25	1.69857e-24	-0.001	0.131485	-0.001	0.131485
14	30	60	0 days 08:58:35	0 days 00:00:01	7.65403e-25	1.4404500000000002e-24	0.00219208	0.0389998	0.00219208	0.0389998
14	30	75	0 days 08:58:47	0 days 00:00:01	4.5508399999999995e-25	1.5536000000000002e-24	-0.001	0.0687513	-0.001	0.0687513
14	30	90	0 days 08:59:41	0 days 00:00:01	3.59348e-25	1.3226800000000001e-24	0.00123359	0.042844	0.00123359	0.042844
14	60	0	0 days 08:56:41	0 days 00:00:01	1.2914000000000002e-24	2.1953400000000002e-24	-0.001	0.175464	-0.001	0.175464
14	60	15	0 days 08:57:23	0 days 00:00:01	2.43261e-24	2.9230800000000002e-24	-0.000637506	0.158366	-0.000637506	0.158366
14	60	30	0 days 08:57:47	0 days 00:00:01	7.38349e-26	2.00703e-24	-0.001	0.156467	-0.001	0.156467
14	60	60	0 days 08:58:29	0 days 00:00:01	8.52013e-25	2.2974300000000003e-24	-0.000999189	0.0559291	-0.000999189	0.0559291
14	60	75	0 days 08:58:53	0 days 00:00:01	4.59618e-25	1.5833700000000001e-24	-0.001	0.0873883	-0.001	0.0873883
14	60	90	0 days 08:59:35	0 days 00:00:01	5.54985e-25	1.4358900000000001e-24	0.00273428	0.0438029	0.00273428	0.0438029
14	90	0	0 days 08:56:47	0 days 00:00:01	4.17048e-25	2.4577100000000002e-24	-0.001	0.18192	-0.001	0.18192
14	90	15	0 days 08:57:17	0 days 00:00:01	1.4212000000000002e-24	1.4261200000000001e-24	-0.001	0.176747	-0.001	0.176747
14	90	30	0 days 08:57:53	0 days 00:00:01	1.06615e-24	3.28673e-24	-0.000837929	0.137254	-0.000837929	0.137254
14	90	60	0 days 08:58:23	0 days 00:00:01	9.9785e-25	2.09986e-24	0.00242976	0.047995	0.00242976	0.047995
14	90	75	0 days 08:58:59	0 days 00:00:01	1.4528500000000002e-24	2.3590500000000003e-24	-0.001	0.0894202	-0.001	0.0894202
14	90	90	0 days 08:59:29	0 days 00:00:01	8.10162e-25	1.5687900000000002e-24	0.00144906	0.0895511	0.00144906	0.0895511
14	120	0	0 days 08:56:53	0 days 00:00:01	2.34178e-25	1.1753e-24	-0.001	0.733943	-0.001	0.733943
14	120	15	0 days 08:57:11	0 days 00:00:01	1.42008e-24	1.32038e-24	-0.001	0.130971	-0.001	0.130971
14	120	30	0 days 08:57:59	0 days 00:00:01	9.15507e-25	1.4999500000000001e-24	-0.001	0.0925475	-0.001	0.0925475
14	120	60	0 days 08:58:17	0 days 00:00:01	7.78555e-25	1.71358e-24	0.00239149	0.0562519	0.00239149	0.0562519
14	120	75	0 days 08:59:05	0 days 00:00:01	1.5286500000000001e-24	1.4273700000000002e-24	-0.000528802	0.105579	-0.000528802	0.105579
14	120	90	0 days 08:59:23	0 days 00:00:01	1.6284500000000002e-24	1.7678600000000003e-24	0.00200629	0.0657563	0.00200629	0.0657563
14	150	0	0 days 08:56:59	0 days 00:00:01	6.76996e-25	1.9338000000000002e-24	-0.001	0.136683	-0.001	0.136683
14	150	15	0 days 08:57:05	0 days 00:00:01	8.77863e-25	1.2689100000000001e-24	-0.001	0.113505	-0.001	0.113505
14	150	30	0 days 08:58:05	0 days 00:00:01	0.0	0.0	0.0	0.0	0.0	0.0
14	150	60	0 days 08:58:11	0 days 00:00:01	6.07075e-25	2.3779100000000003e-24	0.00211826	0.0862263	0.00211826	0.0862263
14	150	75	0 days 08:59:11	0 days 00:00:01	1.4429200000000001e-24	2.2202700000000002e-24	-0.001	0.0859865	-0.001	0.0859865
14	150	90	0 days 08:59:17	0 days 00:00:01	4.6549e-25	2.2754500000000002e-24	0.00274597	0.0840923	0.00274597	0.0840923
15	0	0	0 days 09:00:11	0 days 00:00:01	1.3119500000000001e-24	1.9388500000000003e-24	-0.001	0.0979462	-0.001	0.0979462
15	0	30	0 days 09:01:17	0 days 00:00:01	2.0443500000000002e-26	1.85796e-24	-0.001	0.208515	-0.001	0.208515
15	0	75	0 days 09:02:23	0 days 00:00:01	-2.48451e-24	2.34213e-24	-0.001	0.627697	-0.001	0.627697
15	30	0	0 days 09:00:17	0 days 00:00:01	-3.85841e-24	3.8588600000000004e-24	-0.001	0.237508	-0.001	0.237508
15	30	15	0 days 09:01:11	0 days 00:00:01	4.22876e-25	1.74029e-24	-0.001	0.130112	-0.001	0.130112
15	30	30	0 days 09:01:23	0 days 00:00:01	-3.17144e-25	1.87067e-24	-0.001	0.182267	-0.001	0.182267
15	30	60	0 days 09:02:17	0 days 00:00:01	-1.39559e-25	1.2282300000000002e-24	-0.001	0.232795	-0.001	0.232795
15	30	75	0 days 09:02:29	0 days 00:00:01	6.28374e-25	1.0004500000000002e-24	-0.001	2.80437	-0.001	2.80437
15	30	90	0 days 09:03:23	0 days 00:00:01	8.65167e-26	1.3966e-24	-0.001	0.641951	-0.001	0.641951
15	60	0	0 days 09:00:23	0 days 00:00:01	-7.9422e-25	2.4653500000000003e-24	-0.001	1.31423	-0.001	1.31423
15	60	15	0 days 09:01:05	0 days 00:00:01	-1.6258900000000001e-24	2.4548800000000002e-24	-0.001	0.144808	-0.001	0.144808
15	60	30	0 days 09:01:29	0 days 00:00:01	1.10922e-25	1.0856200000000001e-24	-0.001	0.207619	-0.001	0.207619
15	60	60	0 days 09:02:11	0 days 00:00:01	3.52884e-25	1.3816500000000002e-24	-0.001	0.0668908	-0.001	0.0668908
15	60	75	0 days 09:02:35	0 days 00:00:01	-3.47737e-25	9.46182e-25	-0.001	0.0904233	-0.001	0.0904233
15	60	90	0 days 09:03:17	0 days 00:00:01	3.55797e-25	1.81489e-24	-0.001	0.439822	-0.001	0.439822
15	90	0	0 days 09:00:29	0 days 00:00:01	-1.04758e-25	1.73156e-24	-0.001	0.095788	-0.001	0.095788
15	90	15	0 days 09:00:59	0 days 00:00:01	-1.7145e-24	2.14519e-24	-0.001	0.138918	-0.001	0.138918
15	90	30	0 days 09:01:35	0 days 00:00:01	-6.30715e-25	2.5111800000000004e-24	-0.001	0.481104	-0.001	0.481104
15	90	60	0 days 09:02:05	0 days 00:00:01	-1.3929000000000002e-24	1.3844800000000002e-24	-0.00105048	0.102044	-0.00105048	0.102044
15	90	75	0 days 09:02:41	0 days 00:00:01	-1.69296e-24	1.80465e-24	-0.000790099	0.24922	-0.000790099	0.24922
15	90	90	0 days 09:03:11	0 days 00:00:01	1.3199600000000002e-24	1.25273e-24	-0.001	0.151546	-0.001	0.151546
15	120	0	0 days 09:00:35	0 days 00:00:01	-1.90603e-24	2.2053e-24	-0.001	0.21591	-0.001	0.21591
15	120	15	0 days 09:00:53	0 days 00:00:01	-1.3054000000000002e-24	2.3254100000000003e-24	-0.001	0.11686	-0.001	0.11686
15	120	30	0 days 09:01:41	0 days 00:00:01	-1.06898e-24	1.2384600000000001e-24	-0.001	4.47799	-0.001	4.47799
15	120	60	0 days 09:01:59	0 days 00:00:01	-3.07581e-25	1.5017100000000002e-24	-0.001	0.09441	-0.001	0.09441
15	120	75	0 days 09:02:47	0 days 00:00:01	9.532260000000001e-26	1.3808800000000002e-24	-0.001	0.209762	-0.001	0.209762
15	120	90	0 days 09:03:05	0 days 00:00:01	5.41349e-26	1.26669e-24	-0.001	0.348284	-0.001	0.348284
15	150	0	0 days 09:00:41	0 days 00:00:01	-1.2132200000000001e-24	1.25515e-24	-0.001	0.655969	-0.001	0.655969
15	150	15	0 days 09:00:47	0 days 00:00:01	1.24858e-25	1.29051e-24	-0.001	0.0941094	-0.001	0.0941094
15	150	30	0 days 09:01:47	0 days 00:00:01	9.54193e-26	1.5941800000000002e-24	-0.001	0.210405	-0.001	0.210405
15	150	60	0 days 09:01:53	0 days 00:00:01	9.12654e-26	2.3711e-24	-0.001	0.667695	-0.001	0.667695
15	150	75	0 days 09:02:53	0 days 00:00:01	3.18288e-25	1.3361900000000001e-24	-0.001	0.180461	-0.001	0.180461
15	150	90	0 days 09:02:59	0 days 00:00:01	-3.2564e-25	1.16756e-24	-0.001	0.255557	-0.001	0.255557
16	0	0	0 days 09:03:53	0 days 00:00:01	-5.09115e-25	1.85484e-24	-0.001	0.206567	-0.001	0.206567
16	0	30	0 days 09:04:59	0 days 00:00:01	-2.2810000000000003e-24	2.8358400000000003e-24	-0.001	0.197062	-0.001	0.197062
16	0	75	0 days 09:06:05	0 days 00:00:01	-3.89023e-24	2.60558e-24	-0.001	0.203776	-0.001	0.203776
16	30	0	0 days 09:03:59	0 days 00:00:01	-3.10659e-24	2.99438e-24	-0.001	0.164557	-0.001	0.164557
16	30	15	0 days 09:04:53	0 days 00:00:01	-1.62433e-24	2.0666600000000002e-24	-0.001	0.148994	-0.001	0.148994
16	30	30	0 days 09:05:05	0 days 00:00:01	-4.6682200000000004e-24	4.11959e-24	-0.001	0.276449	-0.001	0.276449
16	30	60	0 days 09:05:59	0 days 00:00:01	-9.24832e-25	2.33078e-24	-0.001	0.177083	-0.001	0.177083
16	30	75	0 days 09:06:11	0 days 00:00:01	-8.825699999999999e-25	2.0929e-24	-0.001	0.346085	-0.001	0.346085
16	30	90	0 days 09:07:05	0 days 00:00:01	-3.4489300000000006e-24	3.2141200000000004e-24	-0.001	0.351619	-0.001	0.351619
16	60	0	0 days 09:04:05	0 days 00:00:01	-1.71436e-24	2.3486500000000004e-24	-0.001	0.103626	-0.001	0.103626
16	60	15	0 days 09:04:47	0 days 00:00:01	-2.80123e-24	2.7458e-24	-0.001	0.235807	-0.001	0.235807
16	60	30	0 days 09:05:11	0 days 00:00:01	-2.77686e-25	1.2752700000000002e-24	-0.001	0.0708901	-0.001	0.0708901
16	60	60	0 days 09:05:53	0 days 00:00:01	-2.07703e-24	1.9601800000000003e-24	-0.001	0.0964365	-0.001	0.0964365
16	60	75	0 days 09:06:17	0 days 00:00:01	-1.4301700000000002e-24	1.72353e-24	-0.001	0.57258	-0.001	0.57258
16	60	90	0 days 09:06:59	0 days 00:00:01	-3.34955e-24	3.7885100000000005e-24	-0.001	0.296593	-0.001	0.296593
16	90	0	0 days 09:04:11	0 days 00:00:01	-6.77958e-25	1.4939400000000002e-24	-0.001	0.0952252	-0.001	0.0952252
16	90	15	0 days 09:04:41	0 days 00:00:01	-1.1621200000000002e-24	3.42094e-24	-0.001	1.0815	-0.001	1.0815
16	90	30	0 days 09:05:17	0 days 00:00:01	-1.2255200000000002e-24	1.6199100000000002e-24	-0.001	0.231146	-0.001	0.231146
16	90	60	0 days 09:05:47	0 days 00:00:01	-1.25589e-24	1.9311600000000003e-24	-0.001	0.191434	-0.001	0.191434
16	90	75	0 days 09:06:23	0 days 00:00:01	-2.1679800000000002e-24	1.8435700000000003e-24	-0.001	1.78655	-0.001	1.78655
16	90	90	0 days 09:06:53	0 days 00:00:01	-1.5605e-24	1.60111e-24	-0.001	1.23438	-0.001	1.23438
16	120	0	0 days 09:04:17	0 days 00:00:01	-3.50088e-25	1.7564400000000003e-24	-0.001	3.09839	-0.001	3.09839
16	120	15	0 days 09:04:35	0 days 00:00:01	-7.53398e-26	1.66616e-24	-0.001	0.0979053	-0.001	0.0979053
16	120	30	0 days 09:05:23	0 days 00:00:01	1.6292e-25	1.6162100000000001e-24	-0.001	0.185432	-0.001	0.185432
16	120	60	0 days 09:05:41	0 days 00:00:01	-4.27276e-25	1.2972000000000002e-24	-0.001	0.194899	-0.001	0.194899
16	120	75	0 days 09:06:29	0 days 00:00:01	-1.0402400000000001e-24	1.9568900000000003e-24	-0.001	0.172903	-0.001	0.172903
16	120	90	0 days 09:06:47	0 days 00:00:01	-1.4890600000000002e-24	1.8050300000000002e-24	-0.001	0.359508	-0.001	0.359508
16	150	0	0 days 09:04:23	0 days 00:00:01	-3.72962e-24	3.0139000000000002e-24	-0.001	0.120085	-0.001	0.120085
16	150	15	0 days 09:04:29	0 days 00:00:01	-9.86737e-25	1.0205900000000001e-24	-0.001	1.29771	-0.001	1.29771
16	150	30	0 days 09:05:29	0 days 00:00:01	-3.1313600000000004e-24	2.8737500000000003e-24	-0.001	0.306113	-0.001	0.306113
16	150	60	0 days 09:05:35	0 days 00:00:01	-5.0329200000000004e-24	4.0269000000000004e-24	-0.001	0.136183	-0.001	0.136183
16	150	75	0 days 09:06:35	0 days 00:00:01	0.0	0.0	0.0	0.0	0.0	0.0
16	150	90	0 days 09:06:41	0 days 00:00:01	-1.12436e-24	1.49836e-24	-0.001	73.46	-0.001	73.46
17	0	0	0 days 09:07:35	0 days 00:00:01	1.5703400000000002e-24	2.7189100000000002e-24	-0.00118355	0.197728	-0.00118355	0.197728
17	0	30	0 days 09:08:41	0 days 00:00:01	1.5397900000000001e-24	2.5417900000000002e-24	-0.001	0.330464	-0.001	0.330464
17	0	75	0 days 09:09:47	0 days 00:00:01	2.03175e-24	2.3423100000000004e-24	-0.001	0.350073	-0.001	0.350073
17	30	0	0 days 09:07:41	0 days 00:00:01	1.90612e-24	2.00692e-24	-0.001	0.159678	-0.001	0.159678
17	30	15	0 days 09:08:35	0 days 00:00:01	2.3417800000000003e-24	2.5902400000000003e-24	-0.001	0.423341	-0.001	0.423341
17	30	30	0 days 09:08:47	0 days 00:00:01	2.43815e-24	2.03864e-24	-0.001	0.273368	-0.001	0.273368
17	30	60	0 days 09:09:41	0 days 00:00:01	-1.29496e-25	1.61082e-24	-0.001	0.10882	-0.001	0.10882
17	30	75	0 days 09:09:53	0 days 00:00:01	1.25695e-24	1.2898400000000001e-24	-0.001	1.26175	-0.001	1.26175
17	30	90	0 days 09:10:47	0 days 00:00:01	2.6934400000000004e-24	2.2869600000000002e-24	-0.001	0.158309	-0.001	0.158309
17	60	0	0 days 09:07:47	0 days 00:00:01	2.9359900000000004e-24	2.8503600000000003e-24	-0.001	0.966749	-0.001	0.966749
17	60	15	0 days 09:08:29	0 days 00:00:01	1.31098e-24	3.29162e-24	-0.001	0.191539	-0.001	0.191539
17	60	30	0 days 09:08:53	0 days 00:00:01	7.217820000000001e-26	1.66317e-24	-0.001	0.151802	-0.001	0.151802
17	60	60	0 days 09:09:35	0 days 00:00:01	2.01205e-24	2.6996200000000003e-24	-0.001	0.165292	-0.001	0.165292
17	60	75	0 days 09:09:59	0 days 00:00:01	8.1312e-25	1.5497500000000002e-24	-0.001	0.380033	-0.001	0.380033
17	60	90	0 days 09:10:41	0 days 00:00:01	1.63373e-24	2.23586e-24	-0.001	0.17291	-0.001	0.17291
17	90	0	0 days 09:07:53	0 days 00:00:01	7.44147e-26	1.59497e-24	-0.001	0.114351	-0.001	0.114351
17	90	15	0 days 09:08:23	0 days 00:00:01	1.3562100000000001e-24	1.86673e-24	-0.001	0.617172	-0.001	0.617172
17	90	30	0 days 09:08:59	0 days 00:00:01	3.0811200000000002e-24	2.71207e-24	-0.001	0.354442	-0.001	0.354442
17	90	60	0 days 09:09:29	0 days 00:00:01	1.9793900000000003e-24	2.09906e-24	-0.001	0.074615	-0.001	0.074615
17	90	75	0 days 09:10:05	0 days 00:00:01	0.0	0.0	0.0	0.0	0.0	0.0
17	90	90	0 days 09:10:35	0 days 00:00:01	2.60983e-24	3.0381700000000004e-24	-0.001	0.400364	-0.001	0.400364
17	120	0	0 days 09:07:59	0 days 00:00:01	1.6677700000000002e-24	2.18099e-24	-0.001	19.1095	-0.001	19.1095
17	120	15	0 days 09:08:17	0 days 00:00:01	1.3540100000000001e-24	2.6996800000000003e-24	-0.001	0.141689	-0.001	0.141689
17	120	30	0 days 09:09:05	0 days 00:00:01	1.89454e-24	1.98143e-24	-0.001	0.555982	-0.001	0.555982
17	120	60	0 days 09:09:23	0 days 00:00:01	2.84398e-24	2.6946000000000003e-24	-0.001	0.173292	-0.001	0.173292
17	120	75	0 days 09:10:11	0 days 00:00:01	1.3557500000000002e-24	2.12866e-24	-0.001	0.132902	-0.001	0.132902
17	120	90	0 days 09:10:29	0 days 00:00:01	1.7834300000000003e-24	2.6315800000000004e-24	-0.001	2.56098	-0.001	2.56098
17	150	0	0 days 09:08:05	0 days 00:00:01	2.15039e-24	1.82463e-24	-0.001	0.22262	-0.001	0.22262
17	150	15	0 days 09:08:11	0 days 00:00:01	1.6277900000000002e-24	2.0864500000000002e-24	-0.001	0.258958	-0.001	0.258958
17	150	30	0 days 09:09:11	0 days 00:00:01	2.09328e-25	1.6926700000000003e-24	-0.001	0.355571	-0.001	0.355571
17	150	60	0 days 09:09:17	0 days 00:00:01	2.31425e-24	2.6121900000000004e-24	-0.001	4.57671	-0.001	4.57671
17	150	75	0 days 09:10:17	0 days 00:00:01	1.06992e-24	1.6288500000000002e-24	-0.001	0.256267	-0.001	0.256267
17	150	90	0 days 09:10:23	0 days 00:00:01	1.1128900000000001e-24	1.9582e-24	-0.001	0.165012	-0.001	0.165012
