Set	Azimutal	Elevation	Time	Error_Time	Concentration	Error_Concentration	SCD	Error_SCD	Shift	Error_Shift	Squeeze	Error_Squeeze
1	0	0	0 days 08:00:08	0 days 00:00:01	2.00332e+29	5.900139999999999e+28	2.40399e+33	7.08016e+26	500000.0	5084.95	-1000.0	13.3637
1	0	30	0 days 08:01:14	0 days 00:00:01	2.4469499999999998e+29	3.2411499999999996e+28	2.93634e+33	3.88938e+26	500000.0	2284.83	-1000.0	6.0048
1	0	75	0 days 08:02:20	0 days 00:00:01	5.2407199999999995e+28	1.9471199999999997e+28	6.2888600000000004e+32	2.33654e+26	500000.0	6408.89	-1000.0	16.8433
1	30	0	0 days 08:00:14	0 days 00:00:01	2.59438e+29	3.4230199999999995e+28	3.1132499999999996e+33	4.10763e+26	500000.0	2275.92	-1000.0	5.98138
1	30	15	0 days 08:01:08	0 days 00:00:01	-6.37416e+28	3.29822e+28	-7.64899e+32	3.95786e+26	500000.0	8925.6	-1000.0	23.4575
1	30	30	0 days 08:01:20	0 days 00:00:01	-1.58093e+28	3.7400799999999997e+28	-1.89711e+32	4.48809e+26	500000.0	40808.4	-1000.0	107.249
1	30	60	0 days 08:02:14	0 days 00:00:01	2.9949799999999998e+28	3.59509e+28	3.59397e+32	4.31411e+26	500000.0	20706.1	-1000.0	54.4179
1	30	75	0 days 08:02:26	0 days 00:00:01	1.50596e+29	3.2589599999999998e+28	1.80715e+33	3.91076e+26	500000.0	3732.91	-1000.0	9.8105
1	30	90	0 days 08:03:20	0 days 00:00:01	1.32701e+29	2.1556e+28	1.59242e+33	2.58672e+26	500000.0	2802.03	-1000.0	7.36406
1	60	0	0 days 08:00:20	0 days 00:00:01	1.59191e+29	2.8988799999999998e+28	1.9102899999999998e+33	3.47866e+26	500000.0	3141.19	-1000.0	8.2554
1	60	15	0 days 08:01:02	0 days 00:00:01	1.16557e+29	4.04331e+28	1.3986899999999998e+33	4.85197e+26	500000.0	5983.82	-1000.0	15.7262
1	60	30	0 days 08:01:26	0 days 00:00:01	8.20721e+28	3.0048199999999997e+28	9.84866e+32	3.60578e+26	500000.0	6315.44	-1000.0	16.5977
1	60	60	0 days 08:02:08	0 days 00:00:01	9.466509999999999e+28	2.6786799999999998e+28	1.13598e+33	3.21441e+26	500000.0	4881.03	-1000.0	12.8279
1	60	75	0 days 08:02:32	0 days 00:00:01	2.9329199999999997e+28	2.7725599999999997e+28	3.51951e+32	3.32707e+26	500000.0	16306.5	-1000.0	42.8554
1	60	90	0 days 08:03:14	0 days 00:00:01	-8.4589e+28	3.8570799999999995e+28	-1.01507e+33	4.6285e+26	500000.0	7865.5	-1000.0	20.6714
1	90	0	0 days 08:00:26	0 days 00:00:01	8.75282e+28	3.6223599999999996e+28	1.05034e+33	4.34684e+26	500000.0	7138.79	-1000.0	18.7615
1	90	15	0 days 08:00:56	0 days 00:00:01	1.36087e+29	2.61209e+28	1.6330499999999998e+33	3.1345e+26	500000.0	3310.93	-1000.0	8.7015
1	90	30	0 days 08:01:32	0 days 00:00:01	1.13884e+29	2.7678299999999996e+28	1.3666e+33	3.3214e+26	500000.0	4192.37	-1000.0	11.018
1	90	60	0 days 08:02:02	0 days 00:00:01	9.386189999999999e+28	2.3386199999999997e+28	1.1263399999999999e+33	2.80634e+26	500000.0	4297.85	-1000.0	11.2952
1	90	75	0 days 08:02:38	0 days 00:00:01	2.195e+29	4.17408e+28	2.63402e+33	5.00893e+26	500000.0	3227.94	-1000.0	8.48339
1	90	90	0 days 08:03:08	0 days 00:00:01	1.01449e+29	2.2968799999999998e+28	1.2173899999999999e+33	2.75626e+26	500000.0	3905.46	-1000.0	10.264
1	120	0	0 days 08:00:32	0 days 00:00:01	3.7856299999999996e+28	4.8433e+28	4.54275e+32	5.81196e+26	500000.0	22069.1	-1000.0	58.0
1	120	15	0 days 08:00:50	0 days 00:00:01	-4.30098e+28	2.77229e+28	-5.16118e+32	3.32675e+26	500000.0	11118.7	-1000.0	29.2211
1	120	30	0 days 08:01:38	0 days 00:00:01	1.05557e+29	2.17141e+28	1.26669e+33	2.60569e+26	500000.0	3548.41	-1000.0	9.32563
1	120	60	0 days 08:01:56	0 days 00:00:01	2.63094e+29	2.6776299999999997e+28	3.15713e+33	3.21316e+26	500000.0	1755.58	-1000.0	4.61386
1	120	75	0 days 08:02:44	0 days 00:00:01	1.63212e+29	2.3151e+28	1.95855e+33	2.77812e+26	500000.0	2446.8	-1000.0	6.43045
1	120	90	0 days 08:03:02	0 days 00:00:01	6.35838e+28	2.4749099999999998e+28	7.63006e+32	2.96989e+26	500000.0	6714.18	-1000.0	17.6456
1	150	0	0 days 08:00:38	0 days 00:00:01	1.41073e+29	2.9918699999999996e+28	1.69288e+33	3.59024e+26	500000.0	3658.29	-1000.0	9.61441
1	150	15	0 days 08:00:44	0 days 00:00:01	-2.9365399999999997e+28	3.70873e+28	-3.52385e+32	4.45048e+26	500000.0	21785.6	-1000.0	57.2551
1	150	30	0 days 08:01:44	0 days 00:00:01	1.8697e+29	2.5448999999999997e+28	2.24364e+33	3.05388e+26	500000.0	2347.9	-1000.0	6.17055
1	150	60	0 days 08:01:50	0 days 00:00:01	3.32879e+29	3.29723e+28	3.9945499999999996e+33	3.95667e+26	499996.0	1587.21	-1009.99	4.17217
1	150	75	0 days 08:02:50	0 days 00:00:01	3.4777e+29	4.339819999999999e+28	4.1732299999999996e+33	5.20778e+26	499699.0	2160.15	-1732.79	5.67965
1	150	90	0 days 08:02:56	0 days 00:00:01	9.99836e+28	2.52336e+28	1.1997999999999999e+33	3.02803e+26	500000.0	4353.43	-1000.0	11.4413
2	0	0	0 days 08:06:23	0 days 00:00:01	-1.33454e+29	5.231699999999999e+28	-1.60145e+33	6.27802e+26	500000.0	6762.25	-1000.0	17.772
2	0	30	0 days 08:07:29	0 days 00:00:01	-1.6335799999999999e+28	4.86497e+28	-1.96029e+32	5.83797e+26	500000.0	51371.4	-1000.0	135.01
2	0	75	0 days 08:08:35	0 days 00:00:01	-7.24972e+27	4.01768e+28	-8.69967e+31	4.82121e+26	500000.0	95595.2	-1000.0	251.235
2	30	0	0 days 08:06:29	0 days 00:00:01	-1.14367e+29	3.7465299999999995e+28	-1.3724099999999998e+33	4.49583e+26	500000.0	5650.78	-1000.0	14.8509
2	30	15	0 days 08:07:23	0 days 00:00:01	-1.35265e+29	3.7074199999999996e+28	-1.62318e+33	4.4489e+26	500000.0	4727.9	-1000.0	12.4254
2	30	30	0 days 08:07:35	0 days 00:00:01	-1.18309e+29	4.43304e+28	-1.4197099999999998e+33	5.31965e+26	500000.0	6463.45	-1000.0	16.9867
2	30	60	0 days 08:08:29	0 days 00:00:01	-1.0864599999999999e+29	4.42381e+28	-1.30375e+33	5.30857e+26	500000.0	7023.65	-1000.0	18.4589
2	30	75	0 days 08:08:41	0 days 00:00:01	-8.83058e+27	4.936339999999999e+28	-1.05967e+32	5.92363e+26	500000.0	96426.6	-1000.0	253.42
2	30	90	0 days 08:09:35	0 days 00:00:01	1.45013e+29	2.3153199999999998e+28	1.74016e+33	2.77839e+26	500000.0	2754.14	-1000.0	7.23818
2	60	0	0 days 08:06:35	0 days 00:00:01	-2.15055e+29	4.79114e+28	-2.58066e+33	5.74937e+26	500000.0	3842.99	-1000.0	10.0998
2	60	15	0 days 08:07:17	0 days 00:00:01	-8.728169999999998e+28	5.917149999999999e+28	-1.04738e+33	7.10057e+26	500000.0	11694.2	-1000.0	30.7337
2	60	30	0 days 08:07:41	0 days 00:00:01	-8.282479999999999e+28	4.1222399999999995e+28	-9.93896e+32	4.94669e+26	500000.0	8585.27	-1000.0	22.5631
2	60	60	0 days 08:08:23	0 days 00:00:01	1.93252e+28	3.80669e+28	2.31902e+32	4.56803e+26	500000.0	33978.5	-1000.0	89.2995
2	60	75	0 days 08:08:47	0 days 00:00:01	-9.99414e+28	4.0279e+28	-1.1993e+33	4.83349e+26	500000.0	6952.08	-1000.0	18.2708
2	60	90	0 days 08:09:29	0 days 00:00:01	3.75959e+29	6.810629999999999e+28	4.51151e+33	8.17275e+26	500000.0	3071.82	-1000.0	8.07328
2	90	0	0 days 08:06:41	0 days 00:00:01	-3.05636e+29	3.5270899999999997e+28	-3.66764e+33	4.23251e+26	500000.0	1990.64	-1000.0	5.23162
2	90	15	0 days 08:07:11	0 days 00:00:01	-8.5923e+28	3.89329e+28	-1.03108e+33	4.67197e+26	500000.0	7816.07	-1000.0	20.5415
2	90	30	0 days 08:07:47	0 days 00:00:01	-1.15947e+29	4.554359999999999e+28	-1.3913599999999998e+33	5.46523e+26	500000.0	6775.63	-1000.0	17.8071
2	90	60	0 days 08:08:17	0 days 00:00:01	2.9444899999999998e+29	5.6691099999999996e+28	3.53339e+33	6.80293e+26	500000.0	3264.78	-1000.0	8.58041
2	90	75	0 days 08:08:53	0 days 00:00:01	-4.71205e+28	4.15029e+28	-5.6544500000000004e+32	4.98034e+26	500000.0	15193.2	-1000.0	39.9295
2	90	90	0 days 08:09:23	0 days 00:00:01	2.7124899999999998e+29	5.569999999999999e+28	3.25499e+33	6.68399e+26	500000.0	3485.67	-1000.0	9.16073
2	120	0	0 days 08:06:47	0 days 00:00:01	-1.40922e+29	3.06706e+28	-1.69106e+33	3.68047e+26	500000.0	3754.27	-1000.0	9.86666
2	120	15	0 days 08:07:05	0 days 00:00:01	2.89074e+28	5.4343399999999995e+28	3.46889e+32	6.52121e+26	500000.0	32427.9	-1000.0	85.2242
2	120	30	0 days 08:07:53	0 days 00:00:01	6.5420599999999994e+28	4.69317e+28	7.85048e+32	5.63181e+26	500000.0	12374.6	-1000.0	32.5219
2	120	60	0 days 08:08:11	0 days 00:00:01	5.81853e+28	5.18414e+28	6.98224e+32	6.22096e+26	500000.0	15368.9	-1000.0	40.3913
2	120	75	0 days 08:08:59	0 days 00:00:01	1.28782e+29	3.0907199999999996e+28	1.54538e+33	3.70886e+26	500000.0	4139.86	-1000.0	10.88
2	120	90	0 days 08:09:17	0 days 00:00:01	2.10936e+29	4.99548e+28	2.53124e+33	5.99458e+26	500000.0	4085.14	-1000.0	10.7362
2	150	0	0 days 08:06:53	0 days 00:00:01	-7.184139999999999e+28	5.43446e+28	-8.62097e+32	6.52136e+26	500000.0	13048.6	-1000.0	34.2931
2	150	15	0 days 08:06:59	0 days 00:00:01	1.4983899999999998e+28	4.5563899999999995e+28	1.79807e+32	5.46767e+26	500000.0	52453.8	-1000.0	137.855
2	150	30	0 days 08:07:59	0 days 00:00:01	-1.83407e+28	4.58353e+28	-2.20088e+32	5.50024e+26	500000.0	43108.8	-1000.0	113.295
2	150	60	0 days 08:08:05	0 days 00:00:01	-8.07464e+28	3.7269399999999996e+28	-9.68957e+32	4.47233e+26	500000.0	7961.77	-1000.0	20.9244
2	150	75	0 days 08:09:05	0 days 00:00:01	6.1843e+28	2.7533799999999996e+28	7.42116e+32	3.30406e+26	500000.0	7679.93	-1000.0	20.1837
2	150	90	0 days 08:09:11	0 days 00:00:01	2.39379e+29	5.3339e+28	2.87254e+33	6.40067e+26	500000.0	3843.62	-1000.0	10.1015
3	0	0	0 days 08:15:47	0 days 00:00:01	1.04737e+29	4.500649999999999e+28	1.25684e+33	5.40077e+26	500000.0	7294.16	-1000.0	19.1699
3	0	30	0 days 08:16:53	0 days 00:00:01	-2.03636e+29	2.61949e+28	-2.44363e+33	3.14339e+26	500000.0	2218.93	-1000.0	5.83161
3	0	75	0 days 08:17:59	0 days 00:00:01	-1.2319399999999999e+29	3.8566999999999996e+28	-1.47833e+33	4.62804e+26	500000.0	5400.17	-1000.0	14.1923
3	30	0	0 days 08:15:53	0 days 00:00:01	-1.14543e+29	2.03382e+28	-1.37452e+33	2.44059e+26	500000.0	3062.84	-1000.0	8.04949
3	30	15	0 days 08:16:47	0 days 00:00:01	1.62165e+28	5.416599999999999e+28	1.94598e+32	6.49992e+26	500000.0	56698.2	-1000.0	149.009
3	30	30	0 days 08:16:59	0 days 00:00:01	4.039759999999999e+28	2.9062199999999997e+28	4.84771e+32	3.48747e+26	500000.0	12409.5	-1000.0	32.6136
3	30	60	0 days 08:17:53	0 days 00:00:01	-1.2937e+29	2.9365e+28	-1.55244e+33	3.5238e+26	500000.0	3915.42	-1000.0	10.2902
3	30	75	0 days 08:18:05	0 days 00:00:01	2.3736099999999998e+29	5.16175e+28	2.84833e+33	6.19409e+26	500000.0	3687.54	-1000.0	9.6915
3	30	90	0 days 08:18:59	0 days 00:00:01	-3.20599e+27	4.4144999999999994e+28	-3.84719e+31	5.2974e+26	500000.0	237520.0	-1000.0	624.229
3	60	0	0 days 08:15:59	0 days 00:00:01	1.4304e+29	4.1381e+28	1.7164799999999998e+33	4.96571e+26	500000.0	4990.28	-1000.0	13.115
3	60	15	0 days 08:16:41	0 days 00:00:01	1.58735e+29	2.77922e+28	1.90482e+33	3.33507e+26	500000.0	3020.17	-1000.0	7.93735
3	60	30	0 days 08:17:05	0 days 00:00:01	-1.03584e+29	3.0706599999999998e+28	-1.24301e+33	3.6848e+26	500000.0	5113.52	-1000.0	13.4389
3	60	60	0 days 08:17:47	0 days 00:00:01	2.91016e+28	5.189749999999999e+28	3.49219e+32	6.2277e+26	500000.0	30761.8	-1000.0	80.8454
3	60	75	0 days 08:18:11	0 days 00:00:01	1.1220899999999999e+29	2.70488e+28	1.34651e+33	3.24586e+26	500000.0	4158.17	-1000.0	10.9281
3	60	90	0 days 08:18:53	0 days 00:00:01	-3.8952499999999996e+28	2.81215e+28	-4.6743e+32	3.37458e+26	500000.0	12453.3	-1000.0	32.7287
3	90	0	0 days 08:16:05	0 days 00:00:01	4.24335e+29	5.7205999999999995e+28	5.0920399999999995e+33	6.86474e+26	500000.0	2271.59	-1000.0	5.97027
3	90	15	0 days 08:16:35	0 days 00:00:01	-1.69417e+29	3.0614e+28	-2.03301e+33	3.67368e+26	500000.0	3117.05	-1000.0	8.19195
3	90	30	0 days 08:17:11	0 days 00:00:01	-7.99082e+28	5.28093e+28	-9.58899e+32	6.33711e+26	500000.0	11135.7	-1000.0	29.2671
3	90	60	0 days 08:17:41	0 days 00:00:01	-6.681619999999999e+28	3.5306299999999995e+28	-8.01794e+32	4.23676e+26	500000.0	9114.9	-1000.0	23.955
3	90	75	0 days 08:18:17	0 days 00:00:01	-7.8901e+28	3.89239e+28	-9.46812e+32	4.67087e+26	500000.0	8509.71	-1000.0	22.3645
3	90	90	0 days 08:18:47	0 days 00:00:01	7.75262e+27	4.212e+28	9.30315e+31	5.0544e+26	500000.0	93717.5	-1000.0	246.3
3	120	0	0 days 08:16:11	0 days 00:00:01	-7.99691e+28	3.0144499999999996e+28	-9.59629e+32	3.61734e+26	500000.0	6502.3	-1000.0	17.0888
3	120	15	0 days 08:16:29	0 days 00:00:01	0.0	0.0	0.0	0.0	0.0	0.0	0.0	0.0
3	120	30	0 days 08:17:17	0 days 00:00:01	-1.17916e+29	3.4404899999999997e+28	-1.4149899999999998e+33	4.1286e+26	500000.0	5033.03	-1000.0	13.2274
3	120	60	0 days 08:17:35	0 days 00:00:01	1.19862e+29	3.6227099999999995e+28	1.43835e+33	4.34725e+26	500000.0	5213.52	-1000.0	13.7017
3	120	75	0 days 08:18:23	0 days 00:00:01	4.60246e+28	2.8103299999999998e+28	5.52296e+32	3.3724e+26	500000.0	10532.9	-1000.0	27.6816
3	120	90	0 days 08:18:41	0 days 00:00:01	-3.9439099999999998e+28	4.0424699999999995e+28	-4.73269e+32	4.85096e+26	500000.0	17680.8	-1000.0	46.467
3	150	0	0 days 08:16:17	0 days 00:00:01	-2.03978e+28	4.12743e+28	-2.44773e+32	4.95292e+26	500000.0	34904.3	-1000.0	91.7323
3	150	15	0 days 08:16:23	0 days 00:00:01	-8.24094e+28	3.8543599999999995e+28	-9.88913e+32	4.62523e+26	500068.0	7848.86	-820.461	20.6283
3	150	30	0 days 08:17:23	0 days 00:00:01	-2.1217599999999998e+28	2.81233e+28	-2.54613e+32	3.37481e+26	500000.0	22863.9	-1000.0	60.0889
3	150	60	0 days 08:17:29	0 days 00:00:01	-2.15628e+28	3.65898e+28	-2.58753e+32	4.39077e+26	500000.0	29270.9	-1000.0	76.9273
3	150	75	0 days 08:18:29	0 days 00:00:01	1.0177599999999999e+29	4.29175e+28	1.22131e+33	5.1501e+26	500000.0	7273.95	-1000.0	19.1168
3	150	90	0 days 08:18:35	0 days 00:00:01	-2.87852e+28	3.5820399999999997e+28	-3.45423e+32	4.29845e+26	500000.0	21465.5	-1000.0	56.4139
4	0	0	0 days 08:19:29	0 days 00:00:01	5.17014e+29	7.06783e+28	6.204179999999999e+33	8.48141e+26	500000.0	2293.49	-1000.0	6.0281
4	0	30	0 days 08:20:35	0 days 00:00:01	6.5303599999999995e+28	2.3881899999999997e+28	7.83645e+32	2.86583e+26	500000.0	6308.3	-1000.0	16.5789
4	0	75	0 days 08:21:41	0 days 00:00:01	-1.13769e+27	3.7167499999999997e+28	-1.36522e+31	4.46009e+26	500000.0	563537.0	-1000.0	1481.04
4	30	0	0 days 08:19:35	0 days 00:00:01	4.08805e+29	5.38357e+28	4.9056499999999996e+33	6.46028e+26	500000.0	2218.98	-1000.0	5.83198
4	30	15	0 days 08:20:29	0 days 00:00:01	1.18825e+29	4.89362e+28	1.42591e+33	5.87235e+26	500000.0	6990.7	-1000.0	18.3723
4	30	30	0 days 08:20:41	0 days 00:00:01	7.339839999999999e+28	4.70018e+28	8.8078e+32	5.64021e+26	500000.0	11046.1	-1000.0	29.0304
4	30	60	0 days 08:21:35	0 days 00:00:01	-3.49911e+28	7.20008e+28	-4.19893e+32	8.6401e+26	500000.0	35541.9	-1000.0	93.4073
4	30	75	0 days 08:21:47	0 days 00:00:01	-4.09549e+28	4.9777299999999995e+28	-4.91458e+32	5.97328e+26	500000.0	20965.6	-1000.0	55.0999
4	30	90	0 days 08:22:41	0 days 00:00:01	-1.1920399999999999e+29	3.9415799999999995e+28	-1.43045e+33	4.72989e+26	500000.0	5703.75	-1000.0	14.9901
4	60	0	0 days 08:19:41	0 days 00:00:01	3.21988e+29	6.045599999999999e+28	3.86385e+33	7.25471e+26	500000.0	3163.72	-1000.0	8.31498
4	60	15	0 days 08:20:23	0 days 00:00:01	-6.679569999999999e+28	1.9420299999999998e+28	-8.01549e+32	2.33043e+26	500000.0	5015.2	-1000.0	13.1805
4	60	30	0 days 08:20:47	0 days 00:00:01	-4.99249e+28	2.8725499999999998e+28	-5.9909800000000004e+32	3.44706e+26	500000.0	9925.03	-1000.0	26.0841
4	60	60	0 days 08:21:29	0 days 00:00:01	-1.2718e+29	3.0531899999999996e+28	-1.52616e+33	3.66383e+26	499900.0	4099.54	-1244.49	10.775
4	60	75	0 days 08:21:53	0 days 00:00:01	9.12525e+28	6.84173e+28	1.09503e+33	8.21009e+26	500000.0	12943.3	-1000.0	34.0165
4	60	90	0 days 08:22:35	0 days 00:00:01	-1.13755e+29	3.8774399999999995e+28	-1.3650599999999998e+33	4.65293e+26	500000.0	5879.7	-1000.0	15.4525
4	90	0	0 days 08:19:47	0 days 00:00:01	-2.7355799999999997e+28	2.32617e+28	-3.28269e+32	2.79141e+26	500000.0	14668.1	-1000.0	38.5495
4	90	15	0 days 08:20:17	0 days 00:00:01	1.46537e+29	3.9517399999999997e+28	1.75845e+33	4.74209e+26	500000.0	4651.8	-1000.0	12.2255
4	90	30	0 days 08:20:53	0 days 00:00:01	-7.726149999999999e+28	5.2240099999999995e+28	-9.27139e+32	6.26882e+26	500000.0	11663.3	-1000.0	30.6525
4	90	60	0 days 08:21:23	0 days 00:00:01	-1.89115e+29	3.6608399999999998e+28	-2.26938e+33	4.39301e+26	500000.0	3339.15	-1000.0	8.77567
4	90	75	0 days 08:21:59	0 days 00:00:01	-1.03584e+29	6.273899999999999e+28	-1.24301e+33	7.52869e+26	500000.0	10457.7	-1000.0	27.4839
4	90	90	0 days 08:22:29	0 days 00:00:01	1.2882e+29	7.42822e+28	1.54585e+33	8.91387e+26	500000.0	9955.82	-1000.0	26.165
4	120	0	0 days 08:19:53	0 days 00:00:01	3.7443799999999997e+28	1.6337e+28	4.49326e+32	1.96044e+26	500000.0	7526.16	-1000.0	19.7796
4	120	15	0 days 08:20:11	0 days 00:00:01	0.0	0.0	0.0	0.0	0.0	0.0	0.0	0.0
4	120	30	0 days 08:20:59	0 days 00:00:01	-1.2025099999999999e+29	3.5535499999999996e+28	-1.44301e+33	4.26426e+26	500000.0	5097.48	-1000.0	13.3967
4	120	60	0 days 08:21:17	0 days 00:00:01	1.99323e+29	6.688229999999999e+28	2.39187e+33	8.02587e+26	500000.0	5629.47	-1000.0	14.7962
4	120	75	0 days 08:22:05	0 days 00:00:01	5.13489e+28	6.236089999999999e+28	6.16187e+32	7.48332e+26	500000.0	20967.9	-1000.0	55.106
4	120	90	0 days 08:22:23	0 days 00:00:01	7.3706299999999995e+28	7.668549999999999e+28	8.84475e+32	9.20226e+26	500000.0	18140.0	-1000.0	47.6724
4	150	0	0 days 08:19:59	0 days 00:00:01	1.72778e+29	4.05995e+28	2.07334e+33	4.87195e+26	500000.0	4053.34	-1000.0	10.6526
4	150	15	0 days 08:20:05	0 days 00:00:01	-1.3201799999999999e+29	3.42195e+28	-1.58421e+33	4.10634e+26	500000.0	4471.19	-1000.0	11.7508
4	150	30	0 days 08:21:05	0 days 00:00:01	-6.330889999999999e+28	4.167049999999999e+28	-7.59707e+32	5.00046e+26	500000.0	11353.9	-1000.0	29.8393
4	150	60	0 days 08:21:11	0 days 00:00:01	-4.25541e+27	2.33298e+28	-5.10649e+31	2.79957e+26	500000.0	94569.3	-1000.0	248.539
4	150	75	0 days 08:22:11	0 days 00:00:01	-4.6594799999999995e+28	3.2969299999999997e+28	-5.59138e+32	3.95631e+26	499945.0	12051.0	-1132.5	31.6729
4	150	90	0 days 08:22:17	0 days 00:00:01	-2.0443799999999997e+28	6.1206499999999995e+28	-2.45326e+32	7.34478e+26	500000.0	51692.4	-1000.0	135.853
5	0	0	0 days 08:23:11	0 days 00:00:01	-7.594159999999999e+28	2.46784e+28	-9.113e+32	2.96141e+26	500000.0	5605.55	-1000.0	14.732
5	0	30	0 days 08:24:17	0 days 00:00:01	9.94813e+28	1.9130999999999998e+28	1.19378e+33	2.29572e+26	500000.0	3317.25	-1000.0	8.7181
5	0	75	0 days 08:25:23	0 days 00:00:01	-1.0924099999999999e+28	3.13702e+28	-1.31089e+32	3.76443e+26	500000.0	49535.2	-1000.0	130.184
5	30	0	0 days 08:23:17	0 days 00:00:01	-1.52435e+29	2.75815e+28	-1.82922e+33	3.30978e+26	500000.0	3121.14	-1000.0	8.20271
5	30	15	0 days 08:24:11	0 days 00:00:01	1.14832e+29	3.7211199999999996e+28	1.37798e+33	4.46535e+26	500000.0	5589.76	-1000.0	14.6905
5	30	30	0 days 08:24:23	0 days 00:00:01	5.75029e+28	3.1478099999999995e+28	6.90035e+32	3.77737e+26	500000.0	9442.78	-1000.0	24.8167
5	30	60	0 days 08:25:17	0 days 00:00:01	8.137189999999999e+28	4.15861e+28	9.76462e+32	4.99033e+26	500000.0	8675.08	-1000.0	22.7991
5	30	75	0 days 08:25:29	0 days 00:00:01	1.5513099999999999e+28	3.12399e+28	1.86157e+32	3.74878e+26	500000.0	34736.9	-1000.0	91.2926
5	30	90	0 days 08:26:23	0 days 00:00:01	6.385279999999999e+28	3.2850799999999997e+28	7.66233e+32	3.9421e+26	500000.0	8874.57	-1000.0	23.3234
5	60	0	0 days 08:23:23	0 days 00:00:01	-2.6023599999999996e+28	2.5674499999999998e+28	-3.12283e+32	3.08095e+26	500000.0	17018.3	-1000.0	44.7261
5	60	15	0 days 08:24:05	0 days 00:00:01	-7.3914e+28	4.556949999999999e+28	-8.86967e+32	5.46834e+26	500000.0	10634.8	-1000.0	27.9494
5	60	30	0 days 08:24:29	0 days 00:00:01	7.661379999999999e+28	5.264309999999999e+28	9.19366e+32	6.31716e+26	500000.0	11852.2	-1000.0	31.1488
5	60	60	0 days 08:25:11	0 days 00:00:01	-7.624129999999999e+28	2.1623599999999997e+28	-9.14896e+32	2.59483e+26	500002.0	4874.6	-995.11	12.8118
5	60	75	0 days 08:25:35	0 days 00:00:01	-1.13487e+29	2.7890799999999997e+28	-1.36185e+33	3.3469e+26	500000.0	4239.31	-1000.0	11.1414
5	60	90	0 days 08:26:17	0 days 00:00:01	-9.26275e+28	2.36552e+28	-1.1115299999999999e+33	2.83862e+26	500000.0	4405.22	-1000.0	11.5774
5	90	0	0 days 08:23:29	0 days 00:00:01	1.71797e+29	3.0011999999999997e+28	2.06156e+33	3.60144e+26	500000.0	3013.43	-1000.0	7.91963
5	90	15	0 days 08:23:59	0 days 00:00:01	2.96249e+28	2.4704899999999997e+28	3.55498e+32	2.96459e+26	500000.0	14385.0	-1000.0	37.8053
5	90	30	0 days 08:24:35	0 days 00:00:01	-3.8321999999999996e+28	5.716519999999999e+28	-4.59864e+32	6.85982e+26	500000.0	25731.5	-1000.0	67.6252
5	90	60	0 days 08:25:05	0 days 00:00:01	-7.442109999999999e+28	3.15435e+28	-8.93053e+32	3.78522e+26	500000.0	7311.3	-1000.0	19.2149
5	90	75	0 days 08:25:41	0 days 00:00:01	5.0827999999999995e+28	3.50078e+28	6.0993600000000004e+32	4.20094e+26	500000.0	11880.7	-1000.0	31.2239
5	90	90	0 days 08:26:11	0 days 00:00:01	-1.37308e+29	3.73732e+28	-1.6476899999999998e+33	4.48478e+26	500000.0	4695.11	-1000.0	12.3393
5	120	0	0 days 08:23:35	0 days 00:00:01	-1.83772e+29	3.0936799999999997e+28	-2.2052699999999998e+33	3.71241e+26	500000.0	2903.86	-1000.0	7.63168
5	120	15	0 days 08:23:53	0 days 00:00:01	-3.9142399999999998e+28	2.3596999999999996e+28	-4.69709e+32	2.83164e+26	500000.0	10399.0	-1000.0	27.3297
5	120	30	0 days 08:24:41	0 days 00:00:01	-1.93073e+29	3.0456899999999998e+28	-2.31689e+33	3.65484e+26	500000.0	2721.1	-1000.0	7.15135
5	120	60	0 days 08:24:59	0 days 00:00:01	-4.92376e+28	3.3021899999999997e+28	-5.90851e+32	3.96262e+26	500000.0	11568.7	-1000.0	30.4039
5	120	75	0 days 08:25:47	0 days 00:00:01	-7.35675e+28	2.6400499999999996e+28	-8.8281e+32	3.16806e+26	500000.0	6190.24	-1000.0	16.2687
5	120	90	0 days 08:26:05	0 days 00:00:01	-3.99771e+28	3.5571799999999995e+28	-4.79725e+32	4.26861e+26	500000.0	15348.8	-1000.0	40.3385
5	150	0	0 days 08:23:41	0 days 00:00:01	-4.741799999999999e+28	2.09864e+28	-5.69016e+32	2.51837e+26	500000.0	7634.42	-1000.0	20.0641
5	150	15	0 days 08:23:47	0 days 00:00:01	2.9201999999999997e+28	2.4546499999999997e+28	3.50424e+32	2.94559e+26	500000.0	14499.7	-1000.0	38.1068
5	150	30	0 days 08:24:47	0 days 00:00:01	-1.4163e+29	2.5890299999999996e+28	-1.6995599999999998e+33	3.10683e+26	500000.0	3153.27	-1000.0	8.28716
5	150	60	0 days 08:24:53	0 days 00:00:01	-2.44978e+28	3.8614899999999997e+28	-2.93974e+32	4.63379e+26	500000.0	27190.0	-1000.0	71.4583
5	150	75	0 days 08:25:53	0 days 00:00:01	-9.057109999999999e+28	2.79173e+28	-1.08685e+33	3.35008e+26	500000.0	5316.99	-1000.0	13.9736
5	150	90	0 days 08:25:59	0 days 00:00:01	-1.07141e+28	2.56682e+28	-1.28569e+32	3.08019e+26	500000.0	41325.9	-1000.0	108.609
6	0	0	0 days 08:26:53	0 days 00:00:01	2.17513e+28	3.23321e+28	2.6101600000000002e+32	3.87986e+26	500000.0	25640.7	-1000.0	67.3866
6	0	30	0 days 08:27:59	0 days 00:00:01	1.64156e+29	2.6360799999999997e+28	1.96987e+33	3.1633e+26	500000.0	2770.02	-1000.0	7.27993
6	0	75	0 days 08:29:05	0 days 00:00:01	2.33023e+29	2.7727699999999997e+28	2.79628e+33	3.32733e+26	500000.0	2052.56	-1000.0	5.39437
6	30	0	0 days 08:26:59	0 days 00:00:01	-6.1311099999999995e+28	2.7170799999999997e+28	-7.35733e+32	3.26049e+26	500000.0	7644.41	-1000.0	20.0904
6	30	15	0 days 08:27:53	0 days 00:00:01	7.14357e+28	2.14428e+28	8.572290000000001e+32	2.57314e+26	500000.0	5177.82	-1000.0	13.6079
6	30	30	0 days 08:28:05	0 days 00:00:01	-2.60993e+29	2.9012699999999997e+28	-3.1319199999999996e+33	3.48152e+26	500000.0	1917.52	-1000.0	5.03945
6	30	60	0 days 08:28:59	0 days 00:00:01	-4.04132e+28	2.3405099999999997e+28	-4.84958e+32	2.80862e+26	500000.0	9990.09	-1000.0	26.2551
6	30	75	0 days 08:29:11	0 days 00:00:01	3.78687e+29	5.54609e+28	4.54424e+33	6.6553e+26	500000.0	2483.45	-1000.0	6.52694
6	30	90	0 days 08:30:05	0 days 00:00:01	4.0898e+29	5.0379399999999995e+28	4.90775e+33	6.04552e+26	500000.0	2075.63	-1000.0	5.45522
6	60	0	0 days 08:27:05	0 days 00:00:01	1.62059e+29	2.12336e+28	1.94471e+33	2.54804e+26	500000.0	2260.12	-1000.0	5.93985
6	60	15	0 days 08:27:47	0 days 00:00:01	-2.81369e+28	2.2649299999999996e+28	-3.37643e+32	2.71792e+26	500000.0	13885.4	-1000.0	36.4925
6	60	30	0 days 08:28:11	0 days 00:00:01	1.96884e+29	4.2016299999999995e+28	2.36261e+33	5.04196e+26	500000.0	3681.19	-1000.0	9.67458
6	60	60	0 days 08:28:53	0 days 00:00:01	-5.98517e+27	3.3322699999999996e+28	-7.18221e+31	3.99873e+26	500000.0	96038.4	-1000.0	252.4
6	60	75	0 days 08:29:17	0 days 00:00:01	2.50756e+29	7.49339e+28	3.00907e+33	8.99208e+26	500000.0	5034.6	-1000.0	13.2325
6	60	90	0 days 08:29:59	0 days 00:00:01	1.9649e+29	2.9495699999999996e+28	2.3578799999999998e+33	3.53949e+26	500000.0	2589.4	-1000.0	6.80524
6	90	0	0 days 08:27:11	0 days 00:00:01	1.73197e+29	2.5746899999999998e+28	2.0783599999999998e+33	3.08963e+26	500000.0	2564.29	-1000.0	6.73924
6	90	15	0 days 08:27:41	0 days 00:00:01	3.07589e+29	3.5301299999999996e+28	3.6910599999999997e+33	4.23615e+26	500000.0	1979.71	-1000.0	5.2029
6	90	30	0 days 08:28:17	0 days 00:00:01	-6.93454e+28	4.25091e+28	-8.32145e+32	5.10109e+26	500000.0	10574.1	-1000.0	27.79
6	90	60	0 days 08:28:47	0 days 00:00:01	6.43332e+28	3.61015e+28	7.71999e+32	4.33218e+26	500000.0	9679.91	-1000.0	25.4399
6	90	75	0 days 08:29:23	0 days 00:00:01	5.546369999999999e+28	4.07446e+28	6.65564e+32	4.88935e+26	500000.0	12671.9	-1000.0	33.3032
6	90	90	0 days 08:29:53	0 days 00:00:01	3.20424e+29	5.267969999999999e+28	3.84509e+33	6.32157e+26	500000.0	2790.73	-1000.0	7.33436
6	120	0	0 days 08:27:17	0 days 00:00:01	8.793259999999999e+28	3.0815199999999998e+28	1.05519e+33	3.69782e+26	500000.0	6044.99	-1000.0	15.8869
6	120	15	0 days 08:27:35	0 days 00:00:01	1.12569e+29	2.9955799999999996e+28	1.3508299999999998e+33	3.5947e+26	500000.0	4590.32	-1000.0	12.0639
6	120	30	0 days 08:28:23	0 days 00:00:01	1.82355e+27	1.9518699999999997e+28	2.18826e+31	2.34225e+26	500000.0	184634.0	-1000.0	485.239
6	120	60	0 days 08:28:41	0 days 00:00:01	-3.96672e+28	2.91734e+28	-4.76008e+32	3.50082e+26	500000.0	12686.3	-1000.0	33.3411
6	120	75	0 days 08:29:29	0 days 00:00:01	-4.68599e+28	2.21006e+28	-5.62319e+32	2.65207e+26	500000.0	8135.49	-1000.0	21.381
6	120	90	0 days 08:29:47	0 days 00:00:01	2.8613799999999998e+28	3.0010899999999996e+28	3.43366e+32	3.60131e+26	500000.0	18091.9	-1000.0	47.5476
6	150	0	0 days 08:27:23	0 days 00:00:01	-3.57064e+28	3.4967399999999997e+28	-4.28476e+32	4.19608e+26	500000.0	16892.7	-1000.0	44.3959
6	150	15	0 days 08:27:29	0 days 00:00:01	-3.79409e+28	5.130779999999999e+28	-4.55291e+32	6.15693e+26	500000.0	23326.8	-1000.0	61.3056
6	150	30	0 days 08:28:29	0 days 00:00:01	6.61611e+28	1.98274e+28	7.93933e+32	2.37928e+26	500000.0	5169.44	-1000.0	13.5859
6	150	60	0 days 08:28:35	0 days 00:00:01	1.20846e+27	2.8941599999999996e+28	1.45015e+31	3.47299e+26	500000.0	413116.0	-1000.0	1085.72
6	150	75	0 days 08:29:35	0 days 00:00:01	-4.99541e+28	2.3249e+28	-5.99449e+32	2.78989e+26	500000.0	8028.14	-1000.0	21.0989
6	150	90	0 days 08:29:41	0 days 00:00:01	4.0634499999999995e+28	3.5231699999999996e+28	4.87614e+32	4.2278e+26	500000.0	14956.1	-1000.0	39.3064
7	0	0	0 days 08:30:35	0 days 00:00:01	2.4478e+29	2.9106999999999998e+28	2.93736e+33	3.49284e+26	500000.0	2051.17	-1000.0	5.39071
7	0	30	0 days 08:31:41	0 days 00:00:01	3.21015e+29	5.999199999999999e+28	3.8521899999999997e+33	7.19905e+26	500000.0	3148.95	-1000.0	8.27616
7	0	75	0 days 08:32:47	0 days 00:00:01	6.22572e+28	2.8003199999999996e+28	7.47086e+32	3.36038e+26	500000.0	7758.88	-1000.0	20.3912
7	30	0	0 days 08:30:41	0 days 00:00:01	7.425789999999999e+28	1.6853299999999998e+28	8.91094e+32	2.02239e+26	500000.0	3914.92	-1000.0	10.2889
7	30	15	0 days 08:31:35	0 days 00:00:01	3.45876e+28	3.7757099999999995e+28	4.15052e+32	4.53085e+26	500000.0	18830.4	-1000.0	49.4883
7	30	30	0 days 08:31:47	0 days 00:00:01	8.0286e+28	3.20954e+28	9.63432e+32	3.85144e+26	500000.0	6895.78	-1000.0	18.1229
7	30	60	0 days 08:32:41	0 days 00:00:01	8.39489e+28	3.48723e+28	1.00739e+33	4.18467e+26	500000.0	7165.5	-1000.0	18.8317
7	30	75	0 days 08:32:53	0 days 00:00:01	2.8935099999999996e+28	2.32258e+28	3.4722100000000004e+32	2.78709e+26	500000.0	13846.1	-1000.0	36.389
7	30	90	0 days 08:33:47	0 days 00:00:01	9.289879999999999e+28	2.8004399999999996e+28	1.11479e+33	3.36053e+26	500000.0	5199.92	-1000.0	13.666
7	60	0	0 days 08:30:47	0 days 00:00:01	1.65502e+29	2.6052099999999996e+28	1.98603e+33	3.12625e+26	500000.0	2715.31	-1000.0	7.13614
7	60	15	0 days 08:31:29	0 days 00:00:01	2.53748e+29	2.8123799999999997e+28	3.04498e+33	3.37485e+26	500000.0	1911.84	-1000.0	5.02452
7	60	30	0 days 08:31:53	0 days 00:00:01	5.33803e+28	1.6239299999999998e+28	6.40564e+32	1.94871e+26	500000.0	5247.66	-1000.0	13.7915
7	60	60	0 days 08:32:35	0 days 00:00:01	1.26932e+29	2.60113e+28	1.5231899999999998e+33	3.12136e+26	500000.0	3534.85	-1000.0	9.28999
7	60	75	0 days 08:32:59	0 days 00:00:01	1.84454e+29	2.37896e+28	2.21345e+33	2.85475e+26	500000.0	2224.74	-1000.0	5.84687
7	60	90	0 days 08:33:41	0 days 00:00:01	2.16729e+29	4.775339999999999e+28	2.60074e+33	5.73041e+26	500000.0	3740.14	-1000.0	9.82952
7	90	0	0 days 08:30:53	0 days 00:00:01	2.1941599999999998e+28	3.5456999999999995e+28	2.63299e+32	4.25484e+26	500000.0	27875.0	-1000.0	73.2587
7	90	15	0 days 08:31:23	0 days 00:00:01	2.24243e+29	5.6494399999999994e+28	2.69091e+33	6.77933e+26	500000.0	4272.05	-1000.0	11.2277
7	90	30	0 days 08:31:59	0 days 00:00:01	1.93424e+29	3.87952e+28	2.3210799999999998e+33	4.65543e+26	500000.0	3459.79	-1000.0	9.09273
7	90	60	0 days 08:32:29	0 days 00:00:01	-1.27272e+28	3.0972399999999997e+28	-1.52726e+32	3.71668e+26	500000.0	41978.1	-1000.0	110.323
7	90	75	0 days 08:33:05	0 days 00:00:01	1.06746e+29	3.0568299999999998e+28	1.28095e+33	3.66821e+26	500000.0	4939.71	-1000.0	12.9821
7	90	90	0 days 08:33:35	0 days 00:00:01	1.55979e+29	5.240909999999999e+28	1.87175e+33	6.2891e+26	500000.0	5661.59	-1000.0	14.88
7	120	0	0 days 08:30:59	0 days 00:00:01	2.09735e+29	3.20738e+28	2.51682e+33	3.84886e+26	500000.0	2637.92	-1000.0	6.93274
7	120	15	0 days 08:31:17	0 days 00:00:01	1.29034e+29	3.7808699999999996e+28	1.54841e+33	4.53704e+26	500000.0	5054.38	-1000.0	13.2835
7	120	30	0 days 08:32:05	0 days 00:00:01	6.110639999999999e+28	2.3762499999999996e+28	7.33276e+32	2.8515e+26	500000.0	6707.89	-1000.0	17.6291
7	120	60	0 days 08:32:23	0 days 00:00:01	-5.8053699999999996e+28	2.1386599999999997e+28	-6.96644e+32	2.5664e+26	500000.0	6354.68	-1000.0	16.7008
7	120	75	0 days 08:33:11	0 days 00:00:01	6.015599999999999e+28	3.9847e+28	7.21872e+32	4.78164e+26	500000.0	11426.1	-1000.0	30.0291
7	120	90	0 days 08:33:29	0 days 00:00:01	-4.2643e+28	2.8868799999999997e+28	-5.11717e+32	3.46422e+26	500000.0	11677.8	-1000.0	30.6905
7	150	0	0 days 08:31:05	0 days 00:00:01	2.32237e+29	3.03727e+28	2.78684e+33	3.64471e+26	500000.0	2255.97	-1000.0	5.92894
7	150	15	0 days 08:31:11	0 days 00:00:01	1.3228e+28	2.8480499999999997e+28	1.5873600000000001e+32	3.41766e+26	500000.0	37139.3	-1000.0	97.6062
7	150	30	0 days 08:32:11	0 days 00:00:01	2.67139e+29	2.97777e+28	3.20567e+33	3.57332e+26	500000.0	1922.8	-1000.0	5.05334
7	150	60	0 days 08:32:17	0 days 00:00:01	2.3116999999999998e+28	2.35622e+28	2.77404e+32	2.82747e+26	500000.0	17581.9	-1000.0	46.2073
7	150	75	0 days 08:33:17	0 days 00:00:01	1.89157e+29	3.9588299999999997e+28	2.26989e+33	4.7506e+26	500000.0	3610.14	-1000.0	9.48787
7	150	90	0 days 08:33:23	0 days 00:00:01	1.80026e+29	4.28219e+28	2.1603199999999998e+33	5.13863e+26	500000.0	4103.09	-1000.0	10.7834
8	0	0	0 days 08:34:17	0 days 00:00:01	4.51741e+27	4.16379e+28	5.4209e+31	4.99655e+26	500000.0	158994.0	-1000.0	417.854
8	0	30	0 days 08:35:23	0 days 00:00:01	1.87664e+29	4.571739999999999e+28	2.25196e+33	5.48608e+26	499928.0	3811.38	-1174.64	10.0185
8	0	75	0 days 08:36:29	0 days 00:00:01	1.1257899999999999e+29	5.06546e+28	1.35095e+33	6.07855e+26	500000.0	7761.41	-1000.0	20.3979
8	30	0	0 days 08:34:23	0 days 00:00:01	2.99815e+29	6.7529399999999995e+28	3.59779e+33	8.10354e+26	500000.0	3885.79	-1000.0	10.2123
8	30	15	0 days 08:35:17	0 days 00:00:01	-1.5281699999999998e+28	2.8970999999999996e+28	-1.8338e+32	3.47652e+26	500000.0	32701.9	-1000.0	85.9443
8	30	30	0 days 08:35:29	0 days 00:00:01	-2.5521e+28	2.70581e+28	-3.06253e+32	3.24697e+26	500000.0	18288.6	-1000.0	48.0644
8	30	60	0 days 08:36:23	0 days 00:00:01	3.8554399999999995e+28	5.73462e+28	4.62652e+32	6.88154e+26	500000.0	25657.4	-1000.0	67.4304
8	30	75	0 days 08:36:35	0 days 00:00:01	8.436789999999999e+28	6.4182999999999994e+28	1.01241e+33	7.70196e+26	500000.0	13134.6	-1000.0	34.5192
8	30	90	0 days 08:37:29	0 days 00:00:01	5.21529e+27	4.0407e+28	6.25836e+31	4.84884e+26	500000.0	133647.0	-1000.0	351.238
8	60	0	0 days 08:34:29	0 days 00:00:01	2.09318e+29	4.3924e+28	2.5118099999999998e+33	5.27087e+26	500000.0	3619.73	-1000.0	9.51305
8	60	15	0 days 08:35:11	0 days 00:00:01	8.716369999999999e+28	5.09579e+28	1.0459599999999999e+33	6.11495e+26	500000.0	10084.6	-1000.0	26.5034
8	60	30	0 days 08:35:35	0 days 00:00:01	1.6151e+29	7.502639999999999e+28	1.9381199999999998e+33	9.00317e+26	500000.0	8073.82	-1000.0	21.2182
8	60	60	0 days 08:36:17	0 days 00:00:01	-5.16576e+28	4.93687e+28	-6.19892e+32	5.92425e+26	500000.0	16485.4	-1000.0	43.3254
8	60	75	0 days 08:36:41	0 days 00:00:01	1.5571199999999999e+29	5.8223899999999995e+28	1.86855e+33	6.98687e+26	500000.0	6449.99	-1000.0	16.9513
8	60	90	0 days 08:37:23	0 days 00:00:01	2.05158e+29	6.806309999999999e+28	2.4618999999999998e+33	8.16756e+26	500000.0	5740.11	-1000.0	15.0855
8	90	0	0 days 08:34:35	0 days 00:00:01	5.10189e+29	8.03231e+28	6.12227e+33	9.63876e+26	500000.0	2652.82	-1000.0	6.97221
8	90	15	0 days 08:35:05	0 days 00:00:01	-2.91951e+28	2.5457299999999998e+28	-3.50341e+32	3.05487e+26	500000.0	15041.2	-1000.0	39.5301
8	90	30	0 days 08:35:41	0 days 00:00:01	9.23047e+27	3.0264899999999996e+28	1.1076600000000001e+32	3.63179e+26	500000.0	56558.3	-1000.0	148.642
8	90	60	0 days 08:36:11	0 days 00:00:01	-8.348e+28	5.087639999999999e+28	-1.00176e+33	6.10517e+26	500000.0	10512.7	-1000.0	27.6286
8	90	75	0 days 08:36:47	0 days 00:00:01	-1.28801e+29	4.97709e+28	-1.5456099999999998e+33	5.97251e+26	500000.0	6665.59	-1000.0	17.5179
8	90	90	0 days 08:37:17	0 days 00:00:01	2.2041799999999998e+29	6.566689999999999e+28	2.6450099999999997e+33	7.88003e+26	500000.0	5060.15	-1000.0	13.2986
8	120	0	0 days 08:34:41	0 days 00:00:01	-6.10584e+28	3.98597e+28	-7.32701e+32	4.78316e+26	500000.0	11260.8	-1000.0	29.5947
8	120	15	0 days 08:34:59	0 days 00:00:01	2.71212e+29	6.0248599999999995e+28	3.2545499999999997e+33	7.22984e+26	500000.0	3766.92	-1000.0	9.90013
8	120	30	0 days 08:35:47	0 days 00:00:01	-5.97435e+28	5.919429999999999e+28	-7.16922e+32	7.10332e+26	500000.0	17091.1	-1000.0	44.9174
8	120	60	0 days 08:36:05	0 days 00:00:01	-4.655779999999999e+28	6.01087e+28	-5.58693e+32	7.21304e+26	500000.0	22284.7	-1000.0	58.5666
8	120	75	0 days 08:36:53	0 days 00:00:01	2.28023e+29	4.97405e+28	2.73628e+33	5.96887e+26	500000.0	3762.82	-1000.0	9.88911
8	120	90	0 days 08:37:11	0 days 00:00:01	-4.35103e+28	4.04535e+28	-5.22123e+32	4.85442e+26	500000.0	16037.8	-1000.0	42.1492
8	150	0	0 days 08:34:47	0 days 00:00:01	-1.05957e+29	2.43944e+28	-1.2714899999999999e+33	2.92733e+26	500000.0	3971.37	-1000.0	10.4372
8	150	15	0 days 08:34:53	0 days 00:00:01	-1.33121e+27	3.2130499999999997e+28	-1.5974600000000002e+31	3.85566e+26	500000.0	416345.0	-1000.0	1094.2
8	150	30	0 days 08:35:53	0 days 00:00:01	1.20682e+29	3.95483e+28	1.4481899999999998e+33	4.74579e+26	500000.0	5652.81	-1000.0	14.8562
8	150	60	0 days 08:35:59	0 days 00:00:01	1.04458e+29	5.01095e+28	1.2534999999999999e+33	6.01314e+26	500000.0	8274.81	-1000.0	21.7471
8	150	75	0 days 08:36:59	0 days 00:00:01	3.8228799999999997e+28	5.58766e+28	4.58744e+32	6.70517e+26	500000.0	25212.8	-1000.0	66.262
8	150	90	0 days 08:37:05	0 days 00:00:01	-4.19945e+28	4.072379999999999e+28	-5.0393400000000004e+32	4.88686e+26	500000.0	16727.7	-1000.0	43.9624
9	0	0	0 days 08:37:59	0 days 00:00:01	1.10585e+29	3.3546099999999996e+28	1.32702e+33	4.02553e+26	500000.0	5232.71	-1000.0	13.7522
9	0	30	0 days 08:39:05	0 days 00:00:01	-3.11087e+28	5.112259999999999e+28	-3.73305e+32	6.13472e+26	500000.0	27690.4	-1000.0	72.7767
9	0	75	0 days 08:40:11	0 days 00:00:01	-5.254599999999999e+28	2.71539e+28	-6.30553e+32	3.25847e+26	500000.0	8914.03	-1000.0	23.4271
9	30	0	0 days 08:38:05	0 days 00:00:01	2.8404999999999997e+28	2.74649e+28	3.4086e+32	3.29579e+26	500000.0	16678.8	-1000.0	43.8337
9	30	15	0 days 08:38:59	0 days 00:00:01	2.19258e+29	3.9390299999999997e+28	2.63109e+33	4.72683e+26	500000.0	3046.38	-1000.0	8.0064
9	30	30	0 days 08:39:11	0 days 00:00:01	4.11737e+29	8.127649999999999e+28	4.9408399999999997e+33	9.75318e+26	500000.0	3311.75	-1000.0	8.70447
9	30	60	0 days 08:40:05	0 days 00:00:01	2.47125e+29	4.13885e+28	2.9655e+33	4.96662e+26	500000.0	2839.96	-1000.0	7.46391
9	30	75	0 days 08:40:17	0 days 00:00:01	2.30596e+29	6.6431699999999995e+28	2.7671599999999997e+33	7.97181e+26	500000.0	4853.57	-1000.0	12.7566
9	30	90	0 days 08:41:11	0 days 00:00:01	-8.675279999999999e+28	3.0632099999999997e+28	-1.04103e+33	3.67585e+26	500000.0	6090.8	-1000.0	16.0073
9	60	0	0 days 08:38:11	0 days 00:00:01	9.17782e+27	3.3161999999999998e+28	1.10134e+32	3.97944e+26	500000.0	62327.9	-1000.0	163.805
9	60	15	0 days 08:38:53	0 days 00:00:01	2.3739299999999998e+29	4.99595e+28	2.84871e+33	5.99514e+26	500000.0	3630.21	-1000.0	9.5406
9	60	30	0 days 08:39:17	0 days 00:00:01	5.20606e+28	3.5725e+28	6.24728e+32	4.287e+26	500000.0	11837.1	-1000.0	31.1091
9	60	60	0 days 08:39:59	0 days 00:00:01	-1.54502e+29	2.30831e+28	-1.85402e+33	2.76998e+26	500000.0	2577.17	-1000.0	6.77309
9	60	75	0 days 08:40:23	0 days 00:00:01	1.04188e+29	3.9355599999999997e+28	1.25025e+33	4.72267e+26	500001.0	6153.5	-997.628	16.175
9	60	90	0 days 08:41:05	0 days 00:00:01	-3.3936799999999997e+28	2.2020199999999997e+28	-4.07242e+32	2.64243e+26	500000.0	11192.6	-1000.0	29.4155
9	90	0	0 days 08:38:17	0 days 00:00:01	2.64798e+28	5.47924e+28	3.17757e+32	6.57509e+26	500000.0	35693.3	-1000.0	93.8061
9	90	15	0 days 08:38:47	0 days 00:00:01	-2.33047e+27	5.33965e+28	-2.79657e+31	6.40758e+26	500000.0	395229.0	-1000.0	1038.71
9	90	30	0 days 08:39:23	0 days 00:00:01	1.56307e+29	4.29311e+28	1.8756899999999998e+33	5.15173e+26	500000.0	4662.21	-1000.0	12.2528
9	90	60	0 days 08:39:53	0 days 00:00:01	-1.7928e+29	4.303739999999999e+28	-2.15136e+33	5.16449e+26	500000.0	4140.9	-1000.0	10.8828
9	90	75	0 days 08:40:29	0 days 00:00:01	-1.33586e+27	3.1143199999999997e+28	-1.60304e+31	3.73718e+26	500000.0	402146.0	-1000.0	1056.88
9	90	90	0 days 08:40:59	0 days 00:00:01	3.09386e+29	5.96699e+28	3.7126199999999997e+33	7.16038e+26	500000.0	3270.43	-1000.0	8.59526
9	120	0	0 days 08:38:23	0 days 00:00:01	1.82259e+29	2.6487699999999996e+28	2.18711e+33	3.17852e+26	500000.0	2506.9	-1000.0	6.58841
9	120	15	0 days 08:38:41	0 days 00:00:01	-9.06175e+28	2.8869099999999997e+28	-1.08741e+33	3.46429e+26	500000.0	5495.44	-1000.0	14.4426
9	120	30	0 days 08:39:29	0 days 00:00:01	1.35899e+29	3.6323499999999997e+28	1.63079e+33	4.35883e+26	500000.0	4610.54	-1000.0	12.117
9	120	60	0 days 08:39:47	0 days 00:00:01	1.26356e+28	2.09254e+28	1.51627e+32	2.51105e+26	499999.0	29028.9	-1003.21	76.2895
9	120	75	0 days 08:40:35	0 days 00:00:01	-4.79678e+28	3.9998399999999995e+28	-5.75614e+32	4.79981e+26	500000.0	14383.8	-1000.0	37.8023
9	120	90	0 days 08:40:53	0 days 00:00:01	2.64556e+28	5.516789999999999e+28	3.17467e+32	6.62012e+26	500003.0	36349.9	-992.482	95.527
9	150	0	0 days 08:38:29	0 days 00:00:01	4.59392e+29	6.5383399999999995e+28	5.51269e+33	7.84598e+26	500000.0	2387.79	-1000.0	6.27597
9	150	15	0 days 08:38:35	0 days 00:00:01	3.5828e+28	3.93227e+28	4.29936e+32	4.71872e+26	500000.0	18932.2	-1000.0	49.7561
9	150	30	0 days 08:39:35	0 days 00:00:01	7.764939999999999e+28	2.93789e+28	9.31792e+32	3.52546e+26	500000.0	6526.46	-1000.0	17.1523
9	150	60	0 days 08:39:41	0 days 00:00:01	1.80115e+29	3.13584e+28	2.1613799999999998e+33	3.76301e+26	500000.0	3003.21	-1000.0	7.89277
9	150	75	0 days 08:40:41	0 days 00:00:01	2.68705e+29	4.64121e+28	3.22446e+33	5.56945e+26	500000.0	2928.9	-1000.0	7.69767
9	150	90	0 days 08:40:47	0 days 00:00:01	-7.50932e+27	3.27677e+28	-9.01119e+31	3.93212e+26	500000.0	75270.7	-1000.0	197.82
10	0	0	0 days 08:41:41	0 days 00:00:01	2.10971e+29	3.8854099999999997e+28	2.53165e+33	4.66247e+26	500000.0	3176.83	-1000.0	8.34907
10	0	30	0 days 08:42:47	0 days 00:00:01	-4.65292e+27	3.15283e+28	-5.5835e+31	3.78339e+26	500000.0	116884.0	-1000.0	307.185
10	0	75	0 days 08:43:53	0 days 00:00:01	3.04614e+29	6.842379999999999e+28	3.65537e+33	8.21086e+26	500000.0	3768.51	-1000.0	9.905
10	30	0	0 days 08:41:47	0 days 00:00:01	4.01334e+29	4.5554599999999995e+28	4.8160099999999996e+33	5.46655e+26	500000.0	1912.6	-1000.0	5.02675
10	30	15	0 days 08:42:41	0 days 00:00:01	1.85593e+29	2.5681999999999997e+28	2.22712e+33	3.08184e+26	500000.0	2386.98	-1000.0	6.27324
10	30	30	0 days 08:42:53	0 days 00:00:01	5.74793e+28	2.7023199999999997e+28	6.89751e+32	3.24279e+26	500000.0	8109.73	-1000.0	21.3133
10	30	60	0 days 08:43:47	0 days 00:00:01	-2.3241299999999998e+29	3.4427899999999996e+28	-2.78896e+33	4.13134e+26	500000.0	2555.23	-1000.0	6.71544
10	30	75	0 days 08:43:59	0 days 00:00:01	-2.76911e+28	4.48508e+28	-3.32293e+32	5.3821e+26	500000.0	27939.0	-1000.0	73.4268
10	30	90	0 days 08:44:53	0 days 00:00:01	-1.10201e+29	2.68353e+28	-1.32241e+33	3.22024e+26	500000.0	4200.53	-1000.0	11.0395
10	60	0	0 days 08:41:53	0 days 00:00:01	1.61645e+29	2.74832e+28	1.9397399999999998e+33	3.29799e+26	500000.0	2932.82	-1000.0	7.70778
10	60	15	0 days 08:42:35	0 days 00:00:01	-7.600179999999999e+28	2.6711399999999996e+28	-9.12022e+32	3.20537e+26	500000.0	6062.53	-1000.0	15.933
10	60	30	0 days 08:42:59	0 days 00:00:01	1.52971e+29	3.4213999999999997e+28	1.83566e+33	4.10568e+26	500000.0	3858.11	-1000.0	10.1396
10	60	60	0 days 08:43:41	0 days 00:00:01	3.36696e+28	2.5957999999999996e+28	4.04036e+32	3.11495e+26	500000.0	13298.8	-1000.0	34.9508
10	60	75	0 days 08:44:05	0 days 00:00:01	-2.57522e+26	2.42107e+28	-3.09026e+30	2.90529e+26	500000.0	1621720.0	-1000.0	4262.07
10	60	90	0 days 08:44:47	0 days 00:00:01	-7.732909999999999e+28	2.8818999999999997e+28	-9.27949e+32	3.45828e+26	500000.0	6428.61	-1000.0	16.8951
10	90	0	0 days 08:41:59	0 days 00:00:01	2.5761799999999998e+29	4.95451e+28	3.09142e+33	5.94541e+26	500000.0	3240.58	-1000.0	8.51698
10	90	15	0 days 08:42:29	0 days 00:00:01	-1.8010899999999999e+28	2.8134899999999997e+28	-2.16131e+32	3.37619e+26	500000.0	26945.8	-1000.0	70.8167
10	90	30	0 days 08:43:05	0 days 00:00:01	8.62299e+28	3.4171599999999997e+28	1.0347599999999999e+33	4.10059e+26	500000.0	6835.77	-1000.0	17.9652
10	90	60	0 days 08:43:35	0 days 00:00:01	-1.66794e+29	3.1888199999999998e+28	-2.00153e+33	3.82658e+26	500000.0	3297.84	-1000.0	8.66711
10	90	75	0 days 08:44:11	0 days 00:00:01	-4.85494e+28	4.4061399999999995e+28	-5.82592e+32	5.28737e+26	500000.0	15655.1	-1000.0	41.1434
10	90	90	0 days 08:44:41	0 days 00:00:01	-1.87788e+29	3.4968999999999996e+28	-2.25346e+33	4.19629e+26	500000.0	3212.16	-1000.0	8.44192
10	120	0	0 days 08:42:05	0 days 00:00:01	1.41084e+29	4.3558e+28	1.693e+33	5.22696e+26	500000.0	5325.65	-1000.0	13.9964
10	120	15	0 days 08:42:23	0 days 00:00:01	3.0482699999999996e+28	2.29638e+28	3.65793e+32	2.75565e+26	500000.0	12994.8	-1000.0	34.1518
10	120	30	0 days 08:43:11	0 days 00:00:01	6.303589999999999e+28	2.9538099999999996e+28	7.56431e+32	3.54457e+26	500000.0	8083.06	-1000.0	21.2432
10	120	60	0 days 08:43:29	0 days 00:00:01	8.710689999999999e+28	3.46811e+28	1.0452799999999999e+33	4.16173e+26	500000.0	6867.86	-1000.0	18.0495
10	120	75	0 days 08:44:17	0 days 00:00:01	6.79074e+28	2.1094499999999997e+28	8.148890000000001e+32	2.53134e+26	500000.0	5358.36	-1000.0	14.0824
10	120	90	0 days 08:44:35	0 days 00:00:01	-1.2750799999999998e+28	3.1374999999999996e+28	-1.5301e+32	3.76499e+26	500000.0	42445.0	-1000.0	111.55
10	150	0	0 days 08:42:11	0 days 00:00:01	-7.02111e+28	2.69989e+28	-8.42534e+32	3.23986e+26	500000.0	6633.16	-1000.0	17.4327
10	150	15	0 days 08:42:17	0 days 00:00:01	7.703919999999999e+28	3.53949e+28	9.244700000000001e+32	4.24739e+26	500000.0	7925.19	-1000.0	20.8283
10	150	30	0 days 08:43:17	0 days 00:00:01	1.2531399999999999e+29	3.4533899999999997e+28	1.50377e+33	4.14407e+26	500000.0	4753.63	-1000.0	12.4931
10	150	60	0 days 08:43:23	0 days 00:00:01	-2.1211e+29	2.6643599999999997e+28	-2.54532e+33	3.19723e+26	500000.0	2214.59	-1001.5	5.82025
10	150	75	0 days 08:44:23	0 days 00:00:01	9.232819999999999e+28	3.65554e+28	1.1079399999999999e+33	4.38665e+26	500000.0	6829.64	-1000.0	17.9491
10	150	90	0 days 08:44:29	0 days 00:00:01	1.2890499999999998e+28	3.33825e+28	1.54686e+32	4.0059e+26	500000.0	44671.4	-1000.0	117.401
11	0	0	0 days 08:45:23	0 days 00:00:01	-1.79483e+29	3.8243399999999996e+28	-2.1538e+33	4.58921e+26	500000.0	3675.47	-1000.0	9.65956
11	0	30	0 days 08:46:29	0 days 00:00:01	-1.6725e+29	2.89005e+28	-2.0069999999999998e+33	3.46806e+26	500000.0	2980.71	-1000.0	7.83364
11	0	75	0 days 08:47:35	0 days 00:00:01	-4.407759999999999e+28	3.0640499999999996e+28	-5.28932e+32	3.67686e+26	500000.0	11991.1	-1000.0	31.5139
11	30	0	0 days 08:45:29	0 days 00:00:01	-1.69637e+29	5.11985e+28	-2.03564e+33	6.14381e+26	500000.0	5206.16	-1000.0	13.6824
11	30	15	0 days 08:46:23	0 days 00:00:01	-3.37479e+29	3.4560299999999996e+28	-4.04976e+33	4.14724e+26	500104.0	1689.86	-723.916	4.44072
11	30	30	0 days 08:46:35	0 days 00:00:01	-5.719759999999999e+28	3.00951e+28	-6.86371e+32	3.61142e+26	500000.0	9076.1	-1000.0	23.853
11	30	60	0 days 08:47:29	0 days 00:00:01	-2.8740699999999998e+29	3.8280299999999995e+28	-3.44889e+33	4.59364e+26	500000.0	2297.52	-1000.0	6.03814
11	30	75	0 days 08:47:41	0 days 00:00:01	2.38692e+29	6.351909999999999e+28	2.8642999999999997e+33	7.62227e+26	500000.0	4483.99	-1000.0	11.7849
11	30	90	0 days 08:48:35	0 days 00:00:01	-2.55451e+29	4.068349999999999e+28	-3.06542e+33	4.88203e+26	500000.0	2747.21	-1000.0	7.21997
11	60	0	0 days 08:45:35	0 days 00:00:01	-4.28886e+28	6.101499999999999e+28	-5.14663e+32	7.3218e+26	500000.0	24540.1	-1000.0	64.4941
11	60	15	0 days 08:46:17	0 days 00:00:01	-2.20627e+29	3.7570799999999995e+28	-2.64752e+33	4.5085e+26	500000.0	2937.47	-1000.0	7.72
11	60	30	0 days 08:46:41	0 days 00:00:01	2.2773299999999997e+28	5.4634e+28	2.73279e+32	6.55606e+26	500000.0	41382.6	-1000.0	108.758
11	60	60	0 days 08:47:23	0 days 00:00:01	-2.49939e+29	3.4442899999999998e+28	-2.99927e+33	4.13315e+26	500000.0	2377.09	-1000.0	6.24727
11	60	75	0 days 08:47:47	0 days 00:00:01	-1.93633e+29	3.23844e+28	-2.3236e+33	3.88613e+26	500000.0	2884.94	-1000.0	7.58194
11	60	90	0 days 08:48:29	0 days 00:00:01	-3.07095e+29	3.2540799999999996e+28	-3.6851499999999996e+33	3.9049e+26	500000.0	1827.83	-1000.0	4.80375
11	90	0	0 days 08:45:41	0 days 00:00:01	-2.17724e+29	3.3249099999999995e+28	-2.61269e+33	3.98989e+26	500000.0	2634.23	-1000.0	6.92306
11	90	15	0 days 08:46:11	0 days 00:00:01	-2.38471e+29	4.739079999999999e+28	-2.86165e+33	5.68689e+26	500000.0	3427.99	-1000.0	9.00914
11	90	30	0 days 08:46:47	0 days 00:00:01	-4.3940099999999996e+28	1.8451099999999998e+28	-5.27281e+32	2.21414e+26	500000.0	7243.41	-1000.0	19.0365
11	90	60	0 days 08:47:17	0 days 00:00:01	8.62796e+28	4.34014e+28	1.03536e+33	5.20817e+26	500000.0	8677.13	-1000.0	22.8045
11	90	75	0 days 08:47:53	0 days 00:00:01	-1.43078e+29	3.6388299999999995e+28	-1.71694e+33	4.36659e+26	500000.0	4387.01	-1000.0	11.5296
11	90	90	0 days 08:48:23	0 days 00:00:01	-1.25258e+29	3.10465e+28	-1.50309e+33	3.72558e+26	500000.0	4275.52	-999.991	11.2366
11	120	0	0 days 08:45:47	0 days 00:00:01	3.9038199999999997e+28	3.2691499999999996e+28	4.68458e+32	3.92299e+26	500000.0	14445.3	-1000.0	37.9639
11	120	15	0 days 08:46:05	0 days 00:00:01	-1.6902999999999998e+28	3.51566e+28	-2.02836e+32	4.21879e+26	500000.0	35877.7	-1000.0	94.2907
11	120	30	0 days 08:46:53	0 days 00:00:01	-9.45581e+28	3.3102399999999996e+28	-1.1347e+33	3.9723e+26	500000.0	6038.68	-1000.0	15.8703
11	120	60	0 days 08:47:11	0 days 00:00:01	-1.40347e+29	4.322249999999999e+28	-1.68417e+33	5.18669e+26	500000.0	5312.34	-1000.0	13.9614
11	120	75	0 days 08:47:59	0 days 00:00:01	-1.55011e+29	3.6804599999999997e+28	-1.86013e+33	4.41655e+26	500000.0	4095.62	-1000.0	10.7638
11	120	90	0 days 08:48:17	0 days 00:00:01	-9.96504e+28	4.42846e+28	-1.1958099999999999e+33	5.31415e+26	500000.0	7665.74	-1000.0	20.1464
11	150	0	0 days 08:45:53	0 days 00:00:01	-2.40908e+29	3.6719199999999997e+28	-2.8908999999999996e+33	4.4063e+26	500000.0	2629.19	-1000.0	6.90981
11	150	15	0 days 08:45:59	0 days 00:00:01	-1.43802e+28	3.15301e+28	-1.72563e+32	3.78362e+26	500000.0	37821.7	-1000.0	99.3996
11	150	30	0 days 08:46:59	0 days 00:00:01	-2.16095e+29	3.1692999999999997e+28	-2.5931299999999998e+33	3.80314e+26	500000.0	2529.87	-1000.0	6.64879
11	150	60	0 days 08:47:05	0 days 00:00:01	-2.4729399999999998e+29	2.9034099999999996e+28	-2.9675199999999997e+33	3.4841e+26	500000.0	2025.24	-1000.0	5.32256
11	150	75	0 days 08:48:05	0 days 00:00:01	-9.47152e+28	3.47823e+28	-1.1365899999999999e+33	4.17391e+26	500000.0	6334.61	-1000.0	16.6481
11	150	90	0 days 08:48:11	0 days 00:00:01	8.744859999999999e+28	4.36238e+28	1.04938e+33	5.23484e+26	500000.0	8605.01	-1000.0	22.6149
12	0	0	0 days 08:49:05	0 days 00:00:01	-1.53596e+29	3.2164599999999996e+28	-1.84315e+33	3.85975e+26	500000.0	3612.26	-1000.0	9.49343
12	0	30	0 days 08:50:11	0 days 00:00:01	-1.09887e+29	5.09762e+28	-1.31864e+33	6.11715e+26	500024.0	8228.15	-936.108	21.6223
12	0	75	0 days 08:51:17	0 days 00:00:01	-2.5757099999999998e+29	4.44382e+28	-3.09085e+33	5.33258e+26	500285.0	3057.95	-245.766	8.03296
12	30	0	0 days 08:49:11	0 days 00:00:01	-2.37179e+29	3.69929e+28	-2.8461499999999997e+33	4.43914e+26	500000.0	2690.43	-1000.0	7.07076
12	30	15	0 days 08:50:05	0 days 00:00:01	-1.2691999999999999e+28	3.33859e+28	-1.52304e+32	4.00631e+26	500000.0	45374.8	-1000.0	119.25
12	30	30	0 days 08:50:17	0 days 00:00:01	-6.084769999999999e+28	5.600319999999999e+28	-7.30172e+32	6.72038e+26	500000.0	15876.3	-1000.0	41.7248
12	30	60	0 days 08:51:11	0 days 00:00:01	-1.94901e+29	3.4055599999999997e+28	-2.33881e+33	4.08667e+26	500000.0	3014.08	-1000.0	7.92134
12	30	75	0 days 08:51:23	0 days 00:00:01	-1.59727e+29	3.7026899999999995e+28	-1.91672e+33	4.44323e+26	500000.0	3998.72	-1000.0	10.5091
12	30	90	0 days 08:52:17	0 days 00:00:01	-1.36878e+29	4.695079999999999e+28	-1.64254e+33	5.63409e+26	500000.0	5916.83	-1000.0	15.5501
12	60	0	0 days 08:49:17	0 days 00:00:01	-1.26981e+28	3.77426e+28	-1.52378e+32	4.52911e+26	500000.0	51271.1	-1000.0	134.746
12	60	15	0 days 08:49:59	0 days 00:00:01	-1.2194399999999999e+29	7.1322699999999995e+28	-1.46333e+33	8.55873e+26	500000.0	10098.2	-1000.0	26.5392
12	60	30	0 days 08:50:23	0 days 00:00:01	-6.39681e+28	3.2363499999999997e+28	-7.67617e+32	3.88362e+26	500000.0	8727.17	-1000.0	22.936
12	60	60	0 days 08:51:05	0 days 00:00:01	-1.4480499999999999e+29	6.488559999999999e+28	-1.73766e+33	7.78627e+26	500000.0	7736.44	-1000.0	20.3322
12	60	75	0 days 08:51:29	0 days 00:00:01	-1.70332e+29	5.749259999999999e+28	-2.04398e+33	6.89911e+26	500000.0	5822.33	-1000.0	15.3017
12	60	90	0 days 08:52:11	0 days 00:00:01	-6.938589999999999e+28	4.87314e+28	-8.326310000000001e+32	5.84777e+26	500000.0	12114.9	-1000.0	31.8392
12	90	0	0 days 08:49:23	0 days 00:00:01	8.310829999999999e+28	3.1319599999999996e+28	9.97301e+32	3.75836e+26	500000.0	6500.59	-1000.0	17.0843
12	90	15	0 days 08:49:53	0 days 00:00:01	-1.3426299999999999e+29	2.39507e+28	-1.6111499999999999e+33	2.87408e+26	500000.0	3077.12	-1000.0	8.08702
12	90	30	0 days 08:50:29	0 days 00:00:01	6.410829999999999e+28	4.22956e+28	7.693e+32	5.07547e+26	500000.0	11380.5	-1000.0	29.9092
12	90	60	0 days 08:50:59	0 days 00:00:01	1.12104e+28	6.601039999999999e+28	1.34525e+32	7.92125e+26	500000.0	101667.0	-1000.0	267.193
12	90	75	0 days 08:51:35	0 days 00:00:01	-2.11369e+29	6.86505e+28	-2.53642e+33	8.23806e+26	500000.0	5606.29	-1000.0	14.734
12	90	90	0 days 08:52:05	0 days 00:00:01	-2.9379999999999996e+28	6.314219999999999e+28	-3.5256e+32	7.57707e+26	500000.0	37106.1	-1000.0	97.5189
12	120	0	0 days 08:49:29	0 days 00:00:01	-5.69175e+28	5.18774e+28	-6.83011e+32	6.22529e+26	500000.0	15722.2	-1000.0	41.3197
12	120	15	0 days 08:49:47	0 days 00:00:01	-3.7181799999999997e+28	3.4217399999999997e+28	-4.46182e+32	4.10609e+26	500001.0	16145.0	-996.572	42.4297
12	120	30	0 days 08:50:35	0 days 00:00:01	-2.90529e+29	3.32189e+28	-3.48635e+33	3.98627e+26	500000.0	1972.32	-1000.0	5.18347
12	120	60	0 days 08:50:53	0 days 00:00:01	1.31677e+29	6.26742e+28	1.58012e+33	7.5209e+26	500000.0	8211.36	-1000.0	21.5804
12	120	75	0 days 08:51:41	0 days 00:00:01	-1.4444599999999999e+29	3.17248e+28	-1.73335e+33	3.80699e+26	500081.0	3846.49	-785.817	10.1084
12	120	90	0 days 08:51:59	0 days 00:00:01	-3.17527e+29	3.3686e+28	-3.8103199999999996e+33	4.04232e+26	500000.0	1830.0	-1000.0	4.80944
12	150	0	0 days 08:49:35	0 days 00:00:01	-7.296199999999999e+28	2.53821e+28	-8.75544e+32	3.04585e+26	500000.0	6000.84	-1000.0	15.7709
12	150	15	0 days 08:49:41	0 days 00:00:01	-4.644029999999999e+28	4.32783e+28	-5.57285e+32	5.1934e+26	500023.0	16443.1	-939.907	43.211
12	150	30	0 days 08:50:41	0 days 00:00:01	-1.81694e+29	3.15295e+28	-2.1803299999999998e+33	3.78353e+26	500000.0	2993.34	-1000.0	7.86683
12	150	60	0 days 08:50:47	0 days 00:00:01	-2.26235e+29	3.54639e+28	-2.71482e+33	4.25568e+26	500000.0	2704.01	-1000.0	7.10645
12	150	75	0 days 08:51:47	0 days 00:00:01	-8.51178e+28	4.78978e+28	-1.02141e+33	5.7477e+26	500048.0	9860.59	-872.63	25.9124
12	150	90	0 days 08:51:53	0 days 00:00:01	-9.96221e+28	4.44843e+28	-1.19547e+33	5.33811e+26	500000.0	7702.5	-1000.0	20.243
13	0	0	0 days 08:52:47	0 days 00:00:01	-4.38842e+29	6.6010299999999995e+28	-5.26609e+33	7.92123e+26	500000.0	2534.2	-1000.0	6.66066
13	0	30	0 days 08:53:53	0 days 00:00:01	-2.98275e+29	4.949219999999999e+28	-3.57932e+33	5.93908e+26	500000.0	2813.64	-1000.0	7.39474
13	0	75	0 days 08:54:59	0 days 00:00:01	-4.32581e+29	5.24133e+28	-5.1909899999999995e+33	6.28961e+26	500000.0	2041.32	-1000.0	5.36522
13	30	0	0 days 08:52:53	0 days 00:00:01	-2.04253e+29	6.119369999999999e+28	-2.4510399999999998e+33	7.34324e+26	500000.0	5080.27	-1000.0	13.3518
13	30	15	0 days 08:53:47	0 days 00:00:01	-4.0403999999999996e+29	6.845159999999999e+28	-4.84847e+33	8.21418e+26	500000.0	2854.29	-1000.0	7.50192
13	30	30	0 days 08:53:59	0 days 00:00:01	-3.10034e+29	7.092999999999999e+28	-3.7204199999999996e+33	8.51161e+26	500000.0	3948.95	-1000.0	10.3783
13	30	60	0 days 08:54:53	0 days 00:00:01	-2.2067e+29	8.32673e+28	-2.64803e+33	9.99206e+26	500000.0	6373.74	-1000.0	16.7515
13	30	75	0 days 08:55:05	0 days 00:00:01	1.54383e+29	4.72721e+28	1.85259e+33	5.67265e+26	500000.0	5281.86	-1000.0	13.8813
13	30	90	0 days 08:55:59	0 days 00:00:01	-3.11616e+29	5.34632e+28	-3.7393899999999996e+33	6.41558e+26	500000.0	2890.5	-1000.0	7.59711
13	60	0	0 days 08:52:59	0 days 00:00:01	-3.40758e+29	4.7695599999999996e+28	-4.0891e+33	5.72347e+26	500000.0	2414.42	-1000.0	6.34537
13	60	15	0 days 08:53:41	0 days 00:00:01	-1.71752e+29	2.8751899999999996e+28	-2.06103e+33	3.45022e+26	500000.0	2887.65	-1000.0	7.58907
13	60	30	0 days 08:54:05	0 days 00:00:01	-4.43387e+29	6.00071e+28	-5.32064e+33	7.20086e+26	500000.0	2297.31	-1000.0	6.03759
13	60	60	0 days 08:54:47	0 days 00:00:01	-3.29417e+29	5.865049999999999e+28	-3.953e+33	7.03805e+26	500000.0	3019.08	-1000.0	7.93467
13	60	75	0 days 08:55:11	0 days 00:00:01	-1.34426e+29	8.96258e+28	-1.6131099999999998e+33	1.07551e+27	500000.0	11687.6	-1000.0	30.715
13	60	90	0 days 08:55:53	0 days 00:00:01	-6.391949999999999e+28	4.536849999999999e+28	-7.67033e+32	5.44421e+26	500000.0	12243.4	-1000.0	32.177
13	90	0	0 days 08:53:05	0 days 00:00:01	1.52506e+29	5.1227099999999995e+28	1.83008e+33	6.14726e+26	500000.0	5794.2	-1000.0	15.2278
13	90	15	0 days 08:53:35	0 days 00:00:01	-2.09931e+29	8.53096e+28	-2.51917e+33	1.02372e+27	500000.0	6883.3	-1000.0	18.0904
13	90	30	0 days 08:54:11	0 days 00:00:01	-1.78787e+29	3.96326e+28	-2.14544e+33	4.75592e+26	500000.0	3823.83	-1000.0	10.0495
13	90	60	0 days 08:54:41	0 days 00:00:01	-2.0330699999999998e+29	3.9123699999999995e+28	-2.43968e+33	4.69485e+26	500000.0	3319.47	-1000.0	8.72395
13	90	75	0 days 08:55:17	0 days 00:00:01	-1.43712e+29	7.5864699999999995e+28	-1.72455e+33	9.10376e+26	500000.0	8957.58	-1000.0	23.5421
13	90	90	0 days 08:55:47	0 days 00:00:01	-3.81307e+29	4.42857e+28	-4.57565e+33	5.31424e+26	500000.0	2003.41	-1000.0	5.26518
13	120	0	0 days 08:53:11	0 days 00:00:01	-7.507329999999999e+28	4.114e+28	-9.0088e+32	4.9368e+26	500000.0	9302.04	-1000.0	24.4468
13	120	15	0 days 08:53:29	0 days 00:00:01	-2.6962e+29	5.30636e+28	-3.23543e+33	6.36763e+26	500000.0	3337.29	-1000.0	8.77099
13	120	30	0 days 08:54:17	0 days 00:00:01	-1.91673e+29	7.83899e+28	-2.30007e+33	9.40678e+26	500000.0	6890.65	-1000.0	18.1102
13	120	60	0 days 08:54:35	0 days 00:00:01	-2.95418e+29	5.508919999999999e+28	-3.5450199999999996e+33	6.61072e+26	500000.0	3142.15	-1000.0	8.2583
13	120	75	0 days 08:55:23	0 days 00:00:01	-3.45747e+29	1.07975e+29	-4.1489599999999997e+33	1.29569e+27	500000.0	5258.49	-1000.0	13.8207
13	120	90	0 days 08:55:41	0 days 00:00:01	-2.39182e+29	3.05125e+28	-2.87019e+33	3.66151e+26	499960.0	2225.18	-1099.38	5.84839
13	150	0	0 days 08:53:17	0 days 00:00:01	-5.47609e+29	7.07649e+28	-6.57131e+33	8.49179e+26	500000.0	2191.27	-1000.0	5.75905
13	150	15	0 days 08:53:23	0 days 00:00:01	-4.0644e+29	6.886629999999999e+28	-4.8772799999999996e+33	8.26397e+26	500000.0	2854.62	-1000.0	7.50282
13	150	30	0 days 08:54:23	0 days 00:00:01	-4.49062e+29	8.490509999999999e+28	-5.38877e+33	1.01887e+27	500000.0	3204.29	-1000.0	8.42129
13	150	60	0 days 08:54:29	0 days 00:00:01	-2.94174e+29	3.5721099999999997e+28	-3.5300599999999996e+33	4.2865e+26	500000.0	2061.2	-1000.0	5.41706
13	150	75	0 days 08:55:29	0 days 00:00:01	-3.73769e+29	5.1120099999999995e+28	-4.48525e+33	6.13445e+26	500000.0	2319.2	-1000.0	6.09526
13	150	90	0 days 08:55:35	0 days 00:00:01	-1.35409e+29	3.8336799999999996e+28	-1.6248999999999998e+33	4.60042e+26	500000.0	4883.72	-1000.0	12.835
14	0	0	0 days 08:56:29	0 days 00:00:01	6.196649999999999e+28	3.0201199999999995e+28	7.43598e+32	3.62414e+26	500000.0	8407.13	-1000.0	22.0949
14	0	30	0 days 08:57:35	0 days 00:00:01	-1.13017e+29	3.17777e+28	-1.3561999999999998e+33	3.81332e+26	500000.0	4850.22	-1000.0	12.7469
14	0	75	0 days 08:58:41	0 days 00:00:01	6.73046e+28	2.3571599999999996e+28	8.07655e+32	2.8286e+26	500000.0	6041.24	-1000.0	15.8771
14	30	0	0 days 08:56:35	0 days 00:00:01	2.19955e+29	1.0723599999999999e+28	2.63946e+33	1.28684e+26	500000.0	840.987	-1000.0	2.21021
14	30	15	0 days 08:57:29	0 days 00:00:01	2.80995e+28	1.8970699999999998e+28	3.37194e+32	2.27649e+26	500000.0	11645.7	-1000.0	30.6063
14	30	30	0 days 08:57:41	0 days 00:00:01	1.19886e+29	3.3529399999999996e+28	1.43863e+33	4.02353e+26	500000.0	4824.36	-1000.0	12.679
14	30	60	0 days 08:58:35	0 days 00:00:01	8.86894e+28	2.8125299999999997e+28	1.06427e+33	3.37503e+26	500041.0	5549.53	-891.016	14.584
14	30	75	0 days 08:58:47	0 days 00:00:01	1.6713199999999998e+29	3.06678e+28	2.00559e+33	3.68013e+26	500000.0	3165.21	-1000.0	8.31854
14	30	90	0 days 08:59:41	0 days 00:00:01	1.31987e+29	2.59494e+28	1.58385e+33	3.11392e+26	500044.0	3457.01	-882.508	9.08508
14	60	0	0 days 08:56:41	0 days 00:00:01	1.70572e+29	4.3335599999999995e+28	2.04687e+33	5.20028e+26	500000.0	4382.45	-1000.0	11.5176
14	60	15	0 days 08:57:23	0 days 00:00:01	-7.4246499999999995e+28	5.654099999999999e+28	-8.90958e+32	6.78492e+26	499976.0	12913.8	-1058.87	33.9393
14	60	30	0 days 08:57:47	0 days 00:00:01	2.13291e+29	3.9618399999999995e+28	2.55949e+33	4.75421e+26	500000.0	3204.1	-1000.0	8.42074
14	60	60	0 days 08:58:29	0 days 00:00:01	-5.41365e+28	4.5350399999999995e+28	-6.49638e+32	5.44205e+26	500000.0	14450.4	-1000.01	37.9773
14	60	75	0 days 08:58:53	0 days 00:00:01	1.4479999999999999e+29	3.12554e+28	1.7376099999999998e+33	3.75065e+26	500000.0	3723.37	-1000.0	9.78543
14	60	90	0 days 08:59:35	0 days 00:00:01	6.86338e+28	2.79658e+28	8.23605e+32	3.35589e+26	500016.0	7115.73	-958.044	18.7002
14	90	0	0 days 08:56:47	0 days 00:00:01	2.0659399999999998e+29	4.85147e+28	2.4791299999999998e+33	5.82176e+26	500000.0	4050.76	-1000.0	10.6458
14	90	15	0 days 08:57:17	0 days 00:00:01	-8.38524e+26	2.8151299999999997e+28	-1.0062300000000001e+31	3.37815e+26	500000.0	579113.0	-1000.0	1521.97
14	90	30	0 days 08:57:53	0 days 00:00:01	1.26415e+29	6.0604399999999995e+28	1.5169799999999998e+33	7.27252e+26	500000.0	8376.91	-998.914	22.0157
14	90	60	0 days 08:58:23	0 days 00:00:01	-1.7673699999999998e+28	4.0588099999999995e+28	-2.1208400000000002e+32	4.87057e+26	499994.0	40162.5	-1014.24	105.549
14	90	75	0 days 08:58:59	0 days 00:00:01	2.08178e+29	4.65672e+28	2.4981399999999998e+33	5.58807e+26	500000.0	3858.57	-1000.0	10.1408
14	90	90	0 days 08:59:29	0 days 00:00:01	1.00805e+29	2.92139e+28	1.20966e+33	3.50567e+26	499975.0	5058.53	-1060.05	13.2939
14	120	0	0 days 08:56:53	0 days 00:00:01	1.62895e+29	2.32002e+28	1.95474e+33	2.78403e+26	500000.0	2456.77	-1000.0	6.45668
14	120	15	0 days 08:57:11	0 days 00:00:01	-3.1701999999999997e+28	2.6064e+28	-3.80424e+32	3.12768e+26	500000.0	14181.9	-1000.0	37.2717
14	120	30	0 days 08:57:59	0 days 00:00:01	5.8850099999999995e+28	2.96087e+28	7.06201e+32	3.55304e+26	500000.0	8678.66	-1000.0	22.8085
14	120	60	0 days 08:58:17	0 days 00:00:01	3.7776399999999997e+28	3.2815499999999997e+28	4.53317e+32	3.93786e+26	499992.0	15253.0	-1020.05	40.0852
14	120	75	0 days 08:59:05	0 days 00:00:01	-5.854159999999999e+28	2.7325199999999997e+28	-7.025e+32	3.27902e+26	499979.0	8034.35	-1051.51	21.1144
14	120	90	0 days 08:59:23	0 days 00:00:01	2.9279e+28	3.3991299999999996e+28	3.51348e+32	4.07896e+26	500014.0	20131.0	-963.931	52.9048
14	150	0	0 days 08:56:59	0 days 00:00:01	8.283959999999999e+28	3.8172799999999997e+28	9.94075e+32	4.58074e+26	500000.0	7948.72	-1000.0	20.8901
14	150	15	0 days 08:57:05	0 days 00:00:01	7.452129999999999e+28	2.5048099999999996e+28	8.94255e+32	3.00577e+26	500000.0	5797.96	-1000.0	15.2377
14	150	30	0 days 08:58:05	0 days 00:00:01	0.0	0.0	0.0	0.0	0.0	0.0	0.0	0.0
14	150	60	0 days 08:58:11	0 days 00:00:01	9.297209999999999e+28	4.536779999999999e+28	1.11566e+33	5.44414e+26	500057.0	8441.86	-848.993	22.1852
14	150	75	0 days 08:59:11	0 days 00:00:01	-7.261429999999999e+28	4.382769999999999e+28	-8.713710000000001e+32	5.25932e+26	500000.0	10411.4	-1000.0	27.3622
14	150	90	0 days 08:59:17	0 days 00:00:01	2.22033e+29	4.389569999999999e+28	2.6644e+33	5.26749e+26	500096.0	3365.47	-747.815	8.84396
15	0	0	0 days 09:00:11	0 days 00:00:01	-5.38934e+28	3.8272399999999997e+28	-6.46721e+32	4.59269e+26	500000.0	12249.9	-1000.0	32.194
15	0	30	0 days 09:01:17	0 days 00:00:01	-2.6786799999999998e+28	3.6675699999999995e+28	-3.21442e+32	4.40109e+26	500000.0	23617.8	-1000.0	62.0702
15	0	75	0 days 09:02:23	0 days 00:00:01	2.83997e+29	4.74275e+28	3.40797e+33	5.69131e+26	500000.0	2831.82	-1000.0	7.44252
15	30	0	0 days 09:00:17	0 days 00:00:01	4.6695e+29	8.203509999999999e+28	5.6034e+33	9.8442e+26	500000.0	2947.42	-1000.0	7.74686
15	30	15	0 days 09:01:11	0 days 00:00:01	-1.84034e+29	3.4352999999999996e+28	-2.2083999999999998e+33	4.12236e+26	500000.0	3219.94	-1000.0	8.46237
15	30	30	0 days 09:01:23	0 days 00:00:01	2.62391e+28	3.6926599999999996e+28	3.1487e+32	4.43119e+26	500000.0	24275.6	-1000.0	63.7991
15	30	60	0 days 09:02:17	0 days 00:00:01	-6.523449999999999e+28	2.4245099999999997e+28	-7.82815e+32	2.90941e+26	500000.0	6411.02	-1000.0	16.8489
15	30	75	0 days 09:02:29	0 days 00:00:01	-1.25086e+29	1.97486e+28	-1.50104e+33	2.36984e+26	500000.0	2723.38	-1000.0	7.15735
15	30	90	0 days 09:03:23	0 days 00:00:01	-2.11068e+29	2.75685e+28	-2.53282e+33	3.30822e+26	500000.0	2253.06	-1000.0	5.92129
15	60	0	0 days 09:00:23	0 days 00:00:01	1.75067e+29	4.866539999999999e+28	2.10081e+33	5.83985e+26	500000.0	4795.08	-1000.0	12.602
15	60	15	0 days 09:01:05	0 days 00:00:01	4.74647e+28	4.971059999999999e+28	5.69577e+32	5.96528e+26	500000.0	17759.4	-1000.0	46.6747
15	60	30	0 days 09:01:29	0 days 00:00:01	2.16002e+28	2.14298e+28	2.59203e+32	2.57158e+26	500000.0	17113.6	-1000.0	44.9765
15	60	60	0 days 09:02:11	0 days 00:00:01	-1.4925e+29	2.72734e+28	-1.791e+33	3.27281e+26	500000.0	3152.14	-1000.0	8.28419
15	60	75	0 days 09:02:35	0 days 00:00:01	3.2844599999999997e+28	1.8677399999999998e+28	3.94135e+32	2.2413e+26	500000.0	9809.21	-1000.0	25.7797
15	60	90	0 days 09:03:17	0 days 00:00:01	-8.7812e+28	3.5825499999999995e+28	-1.05374e+33	4.29906e+26	500000.0	7037.51	-1000.0	18.4954
15	90	0	0 days 09:00:29	0 days 00:00:01	-9.80046e+28	3.41805e+28	-1.17606e+33	4.10166e+26	500000.0	6016.08	-1000.0	15.8109
15	90	15	0 days 09:00:59	0 days 00:00:01	1.36163e+29	4.234559999999999e+28	1.63395e+33	5.08147e+26	500000.0	5364.51	-1000.0	14.0985
15	90	30	0 days 09:01:35	0 days 00:00:01	-4.498609999999999e+28	5.2431299999999995e+28	-5.39833e+32	6.29175e+26	500000.0	19635.9	-1000.0	51.609
15	90	60	0 days 09:02:05	0 days 00:00:01	-4.44666e+28	2.71676e+28	-5.33599e+32	3.26011e+26	500003.0	10534.2	-991.645	27.6848
15	90	75	0 days 09:02:41	0 days 00:00:01	7.44387e+27	3.4647799999999997e+28	8.93264e+31	4.15774e+26	499998.0	79608.0	-1005.3	209.213
15	90	90	0 days 09:03:11	0 days 00:00:01	-2.85133e+29	2.47286e+28	-3.4216e+33	2.96744e+26	500000.0	1496.01	-1000.0	3.93167
15	120	0	0 days 09:00:35	0 days 00:00:01	1.429e+29	4.35322e+28	1.7147999999999998e+33	5.22387e+26	500000.0	5254.85	-1000.0	13.8103
15	120	15	0 days 09:00:53	0 days 00:00:01	2.5447499999999996e+28	4.5902999999999995e+28	3.0537e+32	5.50836e+26	500000.0	31115.5	-1000.0	81.7751
15	120	30	0 days 09:01:41	0 days 00:00:01	1.06556e+29	2.4447e+28	1.2786699999999999e+33	2.93364e+26	500000.0	3957.57	-1000.0	10.4009
15	120	60	0 days 09:01:59	0 days 00:00:01	-9.34885e+28	2.9643499999999998e+28	-1.12186e+33	3.55722e+26	500000.0	5469.56	-1000.0	14.3746
15	120	75	0 days 09:02:47	0 days 00:00:01	-4.6242699999999995e+28	2.72583e+28	-5.54913e+32	3.27099e+26	500000.0	10168.0	-1000.0	26.7227
15	120	90	0 days 09:03:05	0 days 00:00:01	-1.34509e+29	2.50042e+28	-1.61411e+33	3.00051e+26	500000.0	3206.59	-1000.0	8.42728
15	150	0	0 days 09:00:41	0 days 00:00:01	2.05634e+29	2.47765e+28	2.46761e+33	2.97317e+26	500000.0	2078.38	-1000.0	5.46221
15	150	15	0 days 09:00:47	0 days 00:00:01	-7.341859999999999e+28	2.54745e+28	-8.81023e+32	3.05693e+26	500000.0	5985.21	-1000.0	15.7298
15	150	30	0 days 09:01:47	0 days 00:00:01	-1.38727e+29	3.1468799999999995e+28	-1.66473e+33	3.77626e+26	500000.0	3912.91	-1000.0	10.2836
15	150	60	0 days 09:01:53	0 days 00:00:01	-1.01159e+29	4.68051e+28	-1.2138999999999999e+33	5.61661e+26	500000.0	7981.24	-1000.0	20.9756
15	150	75	0 days 09:02:53	0 days 00:00:01	-1.3814399999999998e+28	2.63762e+28	-1.65772e+32	3.16514e+26	500000.0	32935.4	-1000.0	86.5579
15	150	90	0 days 09:02:59	0 days 00:00:01	8.664539999999999e+28	2.3047499999999996e+28	1.0397399999999999e+33	2.7657e+26	500000.0	4588.37	-1000.0	12.0588
16	0	0	0 days 09:03:53	0 days 00:00:01	2.02731e+29	3.6614099999999996e+28	2.43277e+33	4.39369e+26	500000.0	3115.37	-1000.0	8.18754
16	0	30	0 days 09:04:59	0 days 00:00:01	3.33274e+29	5.59788e+28	3.99929e+33	6.71746e+26	500000.0	2897.36	-1000.0	7.6146
16	0	75	0 days 09:06:05	0 days 00:00:01	3.49816e+29	5.20436e+28	4.19778e+33	6.24522e+26	500000.0	2525.38	-1000.0	6.637
16	30	0	0 days 09:03:59	0 days 00:00:01	5.39513e+29	6.251989999999999e+28	6.47415e+33	7.50238e+26	500000.0	1952.34	-1000.0	5.13133
16	30	15	0 days 09:04:53	0 days 00:00:01	2.12508e+29	4.0795399999999995e+28	2.5500999999999998e+33	4.89545e+26	500000.0	3311.44	-1000.0	8.70284
16	30	30	0 days 09:05:05	0 days 00:00:01	6.33493e+29	8.60133e+28	7.60194e+33	1.03216e+27	500000.0	2287.5	-1000.0	6.01225
16	30	60	0 days 09:05:59	0 days 00:00:01	5.301179999999999e+28	4.600899999999999e+28	6.36141e+32	5.52108e+26	500000.0	14971.0	-1000.0	39.3456
16	30	75	0 days 09:06:11	0 days 00:00:01	4.48088e+28	4.131339999999999e+28	5.3770500000000004e+32	4.95761e+26	500000.0	15904.1	-1000.0	41.7977
16	30	90	0 days 09:07:05	0 days 00:00:01	3.64268e+29	6.7107999999999995e+28	4.3712e+33	8.05294e+26	500000.0	3103.79	-1000.0	8.15769
16	60	0	0 days 09:04:05	0 days 00:00:01	1.56385e+29	4.63619e+28	1.87662e+33	5.56342e+26	500000.0	5113.84	-1000.0	13.4397
16	60	15	0 days 09:04:47	0 days 00:00:01	3.6689199999999996e+29	5.484429999999999e+28	4.4026999999999997e+33	6.58131e+26	500000.0	2537.42	-1000.0	6.66863
16	60	30	0 days 09:05:11	0 days 00:00:01	1.0083299999999999e+29	2.5173599999999997e+28	1.21e+33	3.02083e+26	500000.0	4306.48	-1000.0	11.3179
16	60	60	0 days 09:05:53	0 days 00:00:01	7.944869999999999e+28	3.8693499999999997e+28	9.53384e+32	4.64322e+26	500000.0	8401.02	-1000.0	22.0788
16	60	75	0 days 09:06:17	0 days 00:00:01	1.35827e+29	3.4022199999999997e+28	1.62992e+33	4.08265e+26	500000.0	4320.72	-1000.0	11.3553
16	60	90	0 days 09:06:59	0 days 00:00:01	3.1451e+29	7.786049999999999e+28	3.77412e+33	9.34326e+26	500000.0	4171.39	-1000.0	10.9634
16	90	0	0 days 09:04:11	0 days 00:00:01	2.5185e+29	2.9490099999999997e+28	3.0222e+33	3.53881e+26	500000.0	2019.83	-1000.0	5.30834
16	90	15	0 days 09:04:41	0 days 00:00:01	3.28946e+29	6.707279999999999e+28	3.94735e+33	8.04873e+26	500000.0	3517.07	-1000.0	9.24327
16	90	30	0 days 09:05:17	0 days 00:00:01	9.317759999999998e+28	3.1976699999999997e+28	1.11813e+33	3.8372e+26	500000.0	5919.74	-1000.0	15.5578
16	90	60	0 days 09:05:47	0 days 00:00:01	-8.651919999999999e+28	3.8120599999999995e+28	-1.0382299999999999e+33	4.57447e+26	500000.0	7600.25	-1000.0	19.9743
16	90	75	0 days 09:06:23	0 days 00:00:01	2.08306e+29	3.6391699999999995e+28	2.49968e+33	4.367e+26	500000.0	3013.56	-1000.0	7.91999
16	90	90	0 days 09:06:53	0 days 00:00:01	2.27537e+29	3.1605499999999996e+28	2.73044e+33	3.79266e+26	500000.0	2396.03	-1000.0	6.29702
16	120	0	0 days 09:04:17	0 days 00:00:01	1.52004e+29	3.4671699999999996e+28	1.82404e+33	4.1606e+26	500000.0	3934.61	-1000.0	10.3406
16	120	15	0 days 09:04:35	0 days 00:00:01	-1.5738e+29	3.28897e+28	-1.8885599999999998e+33	3.94676e+26	500000.0	3604.87	-1000.0	9.47402
16	120	30	0 days 09:05:23	0 days 00:00:01	-2.3015599999999997e+28	3.19036e+28	-2.76187e+32	3.82843e+26	500000.0	23911.1	-1000.0	62.841
16	120	60	0 days 09:05:41	0 days 00:00:01	-7.8586199999999994e+28	2.56064e+28	-9.43034e+32	3.07276e+26	500000.0	5620.6	-1000.0	14.7716
16	120	75	0 days 09:06:29	0 days 00:00:01	1.49882e+29	3.86287e+28	1.79858e+33	4.63544e+26	500000.0	4445.72	-1000.0	11.6839
16	120	90	0 days 09:06:47	0 days 00:00:01	2.57342e+29	3.56309e+28	3.0881e+33	4.27571e+26	500000.0	2388.35	-1000.0	6.27685
16	150	0	0 days 09:04:23	0 days 00:00:01	4.90762e+29	6.19408e+28	5.88915e+33	7.4329e+26	500000.0	2126.69	-1000.0	5.58943
16	150	15	0 days 09:04:29	0 days 00:00:01	2.92852e+29	2.01463e+28	3.51423e+33	2.41755e+26	500000.0	1186.66	-1000.0	3.11868
16	150	30	0 days 09:05:29	0 days 00:00:01	4.42294e+29	5.74e+28	5.30753e+33	6.88799e+26	500000.0	2202.92	-1000.0	5.78954
16	150	60	0 days 09:05:35	0 days 00:00:01	5.5781e+29	8.56073e+28	6.69373e+33	1.02729e+27	500000.0	2574.76	-1000.0	6.76739
16	150	75	0 days 09:06:35	0 days 00:00:01	0.0	0.0	0.0	0.0	0.0	0.0	0.0	0.0
16	150	90	0 days 09:06:41	0 days 00:00:01	1.99121e+29	2.9577299999999997e+28	2.38945e+33	3.54928e+26	500000.0	2562.25	-1000.0	6.73389
17	0	0	0 days 09:07:35	0 days 00:00:01	-9.23723e+28	5.879039999999999e+28	-1.10846e+33	7.05483e+26	500023.0	9788.45	-939.544	25.7319
17	0	30	0 days 09:08:41	0 days 00:00:01	-5.4823599999999995e+28	5.07695e+28	-6.57883e+32	6.09233e+26	500000.0	15719.4	-1000.0	41.3122
17	0	75	0 days 09:09:47	0 days 00:00:01	-1.8724799999999998e+29	4.74312e+28	-2.24698e+33	5.69175e+26	500000.0	4295.32	-1000.0	11.2889
17	30	0	0 days 09:07:41	0 days 00:00:01	-1.9262199999999997e+28	3.961609999999999e+28	-2.31146e+32	4.75393e+26	500000.0	35477.0	-1000.0	93.2376
17	30	15	0 days 09:08:35	0 days 00:00:01	-1.59915e+29	5.2451699999999996e+28	-1.9189799999999998e+33	6.2942e+26	500000.0	5561.84	-1000.0	14.6175
17	30	30	0 days 09:08:47	0 days 00:00:01	-2.33941e+29	4.1282e+28	-2.80728e+33	4.95384e+26	500000.0	2992.3	-1000.0	7.86427
17	30	60	0 days 09:09:41	0 days 00:00:01	9.74363e+28	3.17972e+28	1.1692399999999999e+33	3.81566e+26	500000.0	5629.23	-1000.0	14.7942
17	30	75	0 days 09:09:53	0 days 00:00:01	-1.9372299999999998e+29	2.54612e+28	-2.3246799999999998e+33	3.05534e+26	500000.0	2267.14	-1000.0	5.95831
17	30	90	0 days 09:10:47	0 days 00:00:01	-2.9219e+29	4.70011e+28	-3.50628e+33	5.64013e+26	500000.0	2710.45	-1000.0	7.12367
17	60	0	0 days 09:07:47	0 days 00:00:01	-2.34539e+29	5.771909999999999e+28	-2.81447e+33	6.92628e+26	500000.0	4173.04	-1000.0	10.9675
17	60	15	0 days 09:08:29	0 days 00:00:01	-1.03807e+29	6.497589999999999e+28	-1.24569e+33	7.79711e+26	500000.0	10797.1	-1000.0	28.3759
17	60	30	0 days 09:08:53	0 days 00:00:01	1.45836e+29	3.28305e+28	1.75003e+33	3.93966e+26	500000.0	3883.24	-1000.0	10.2056
17	60	60	0 days 09:09:35	0 days 00:00:01	-3.36956e+29	5.54819e+28	-4.04347e+33	6.65783e+26	500000.0	2774.45	-1000.0	7.29189
17	60	75	0 days 09:09:59	0 days 00:00:01	2.1219199999999997e+28	3.05917e+28	2.5463e+32	3.671e+26	500000.0	24868.9	-1000.0	65.3582
17	60	90	0 days 09:10:41	0 days 00:00:01	-2.11684e+29	4.465869999999999e+28	-2.54021e+33	5.35904e+26	500000.0	3581.11	-1000.0	9.41157
17	90	0	0 days 09:07:53	0 days 00:00:01	-9.65148e+28	3.14843e+28	-1.1581799999999999e+33	3.77812e+26	500000.0	5627.06	-1000.0	14.7886
17	90	15	0 days 09:08:23	0 days 00:00:01	-1.0042e+29	3.7800899999999997e+28	-1.20504e+33	4.5361e+26	500000.0	6383.11	-1000.0	16.7759
17	90	30	0 days 09:08:59	0 days 00:00:01	-2.74312e+29	5.573779999999999e+28	-3.29173e+33	6.68853e+26	500000.0	3423.77	-1000.0	8.99844
17	90	60	0 days 09:09:29	0 days 00:00:01	-2.57511e+29	4.1435e+28	-3.09013e+33	4.97221e+26	500000.0	2775.58	-1000.0	7.29452
17	90	75	0 days 09:10:05	0 days 00:00:01	0.0	0.0	0.0	0.0	0.0	0.0	0.0	0.0
17	90	90	0 days 09:10:35	0 days 00:00:01	-2.45465e+29	6.2439799999999995e+28	-2.94558e+33	7.49278e+26	500000.0	4286.17	-1000.0	11.265
17	120	0	0 days 09:07:59	0 days 00:00:01	-2.48347e+28	4.356279999999999e+28	-2.98016e+32	5.22753e+26	500000.0	29775.3	-1000.0	78.253
17	120	15	0 days 09:08:17	0 days 00:00:01	-2.03456e+29	5.32912e+28	-2.44148e+33	6.39495e+26	500000.0	4518.2	-1000.0	11.8743
17	120	30	0 days 09:09:05	0 days 00:00:01	-1.98286e+29	3.9113099999999996e+28	-2.37943e+33	4.69356e+26	500000.0	3402.6	-1000.0	8.94242
17	120	60	0 days 09:09:23	0 days 00:00:01	-3.54316e+29	5.38216e+28	-4.25178e+33	6.45858e+26	500000.0	2578.49	-1000.0	6.77657
17	120	75	0 days 09:10:11	0 days 00:00:01	-7.904069999999999e+28	4.20193e+28	-9.48488e+32	5.04232e+26	500000.0	9170.22	-1000.0	24.1004
17	120	90	0 days 09:10:29	0 days 00:00:01	-3.8198e+29	5.194689999999999e+28	-4.5837499999999997e+33	6.23362e+26	500000.0	2345.85	-1000.0	6.16516
17	150	0	0 days 09:08:05	0 days 00:00:01	-1.63282e+29	3.6444899999999995e+28	-1.95939e+33	4.37338e+26	500000.0	3788.75	-1000.0	9.95727
17	150	15	0 days 09:08:11	0 days 00:00:01	-1.14915e+29	4.16745e+28	-1.37898e+33	5.00094e+26	500000.0	6155.93	-1000.0	16.1785
17	150	30	0 days 09:09:11	0 days 00:00:01	-1.269e+29	3.3412999999999996e+28	-1.5227999999999998e+33	4.00957e+26	500000.0	4541.87	-1000.0	11.9365
17	150	60	0 days 09:09:17	0 days 00:00:01	-3.36544e+29	5.289619999999999e+28	-4.0385399999999997e+33	6.34755e+26	500000.0	2665.21	-1000.0	7.00463
17	150	75	0 days 09:10:17	0 days 00:00:01	-1.66781e+29	3.2153099999999997e+28	-2.00137e+33	3.85838e+26	500000.0	3325.51	-1000.0	8.73981
17	150	90	0 days 09:10:23	0 days 00:00:01	-1.18934e+29	3.8654499999999997e+28	-1.42721e+33	4.63854e+26	500000.0	5606.26	-1000.0	14.7339
